term.id	term.name	adjusted.p.val	term.size	overlap
GO:0010638	positive regulation of organelle organization	5.64290194506665e-10	644	BRCA1,MFN2,ATM,BRAF,LMNA,MECP2,HTT,TGFBR1,HUWE1,ACD,WDR35,DYNC1H1,WAS,DKC1,CEP120,VPS13C,ATR,PARN,DNMT1,INSR,LIG4,AKT2,NF2,MET,LRP5,VPS13D,RAD50,PRKCB,GBA,ERCC1,POC1A,YWHAG,CASP8,SMAD4,PHIP,BIN1,CTBP1,ARPC1B,RAB3GAP2,NBN,CUL3,WBP2,CDT1
GO:0006259	DNA metabolic process	7.74942672070282e-09	943	BRCA1,MSH2,MLH1,MSH6,ATM,BRCA2,VCP,BRIP1,MECP2,FH,ERCC2,PMS2,BLM,SETX,HUWE1,ACD,GJA1,POLG,WAS,DKC1,ATR,PARN,REV3L,MEN1,DNMT1,LIG4,SAMHD1,XRCC1,SMC1A,EGFR,ERCC6,BCL11B,RAD50,MCM5,FTO,EHMT1,POLE,ACTL6A,ERCC1,PRKCD,CHAF1B,FANCE,EZH2,TRIP12,DNMT3A,ZMPSTE24,PURA,NBN,MAD2L2,HSPD1,CDT1
GO:0033365	protein localization to organelle	1.34206541434943e-08	964	MFN2,MSH2,ATM,BRCA2,LMNA,DNM2,NFKBIA,NF1,PEX1,STAT3,HUWE1,STIL,PIK3R2,PEX5,ACD,GJA1,WDR35,DKC1,SOX9,VPS13C,ATR,NUP133,CSNK1D,NUP93,RAB7A,IFT140,AMACR,NF2,EIF2AK3,NUP214,CALM1,VPS13D,GNPTAB,COL1A1,TARDBP,SRP72,AGK,BBS1,YWHAG,RPL18,CASP8,NUP88,PRKCD,TSC2
REAC:R-HSA-5663202	Diseases of signal transduction	1.39342789829058e-08	361	BRAF,LMNA,PTPN11,VCP,STAT1,NF1,STAT3,MAP2K2,TGFBR1,PIK3R2,MAP2K1,CAMK2B,RBPJ,EGFR,AKT2,MET,ACTB,CALM1,LRP5,HDAC4,MIB1,PSMB8,AGK,LCK,SMAD4,TSC2,CTBP1,PTEN,KIT
GO:1903047	mitotic cell cycle process	1.43034420322782e-08	892	BRCA1,MSH2,ATM,BRCA2,LMNA,VCP,DNM2,MECP2,ERCC2,WDR62,BLM,HTT,GMNN,STIL,GJA1,TUBA1A,DYNC1H1,CDK4,STAG1,TUBB,NCAPD3,CSNK1D,INSR,SMC1A,EGFR,CIT,LRP5,KIF14,SBDS,MCM5,PRKCB,PSMB8,POLE,POC1A,CALM2,YWHAG,NCAPH,PHIP,EZH2,CLTC,PTEN,CRADD,ZMPSTE24,NBN,PPP3CA,CUL3,MAD2L2,CDT1,STAMBP
GO:0006281	DNA repair	1.50381392751005e-08	563	BRCA1,MSH2,MLH1,MSH6,ATM,BRCA2,VCP,BRIP1,FH,ERCC2,PMS2,BLM,SETX,HUWE1,POLG,WAS,ATR,REV3L,MEN1,LIG4,SAMHD1,XRCC1,SMC1A,EGFR,ERCC6,RAD50,MCM5,FTO,POLE,ACTL6A,ERCC1
GO:0072594	establishment of protein localization to organelle	2.63365540081273e-08	579	MFN2,ATM,BRCA2,LMNA,DNM2,NFKBIA,NF1,PEX1,STAT3,HUWE1,PIK3R2,PEX5,ACD,DKC1,VPS13C,ATR,NUP133,NUP93,RAB7A,AMACR,NUP214,CALM1,VPS13D,GNPTAB,TARDBP,SRP72,AGK,YWHAG,RPL18,CASP8,NUP88,PRKCD,TSC2,RAB3GAP2,RPL35,PPP3CA,RAB23,HSPD1
GO:0008630	intrinsic apoptotic signaling pathway in response to DNA damage	7.73151540272193e-08	105	BRCA1,MSH2,MLH1,MSH6,ATM,BRCA2
GO:0006974	cellular response to DNA damage stimulus	1.07047785260792e-07	873	BRCA1,MSH2,MLH1,MSH6,ATM,BRCA2,PTPN11,VCP,BRIP1,FH,ERCC2,PMS2,BLM,SETX,HUWE1,EPHA2,TNFRSF1A,ACD,POLG,WAS,FOXP1,ATR,REV3L,MEN1,LIG4,SAMHD1,XRCC1,SMC1A,EGFR,ERCC6
GO:1901699	cellular response to nitrogen compound	1.11008432206691e-07	727	BRCA1,ATP1A3,COL6A1,PTPN11,GSTP1,DNM2,BRIP1,STAT1,MTR,STAT3,BLM,PIK3R2,GJA1,SLC9A3R1,FBN1,CDK4,SOX9,PRNP,MEN1,DNMT1,INSR,ATP7A,EGFR,EPG5,AKT2,ACTB,LPL,COL1A1,PRKCB,IFIH1,YWHAG,PRKCD,PHIP,TSC2,GNAL,EZH2,DNMT3A,CA2,PTEN
REAC:R-HSA-73894	DNA Repair	1.28149526311638e-07	329	BRCA1,MSH2,MLH1,MSH6,ATM,BRCA2,VCP,BRIP1,ERCC2,PMS2,BLM,ACD,ATR,REV3L,LIG4,XRCC1,ERCC6,ACTB,RAD50,FTO,POLE,ACTL6A,ERCC1
REAC:R-HSA-1640170	Cell Cycle	1.53754993882844e-07	632	BRCA1,MLH1,ATM,BRCA2,BRIP1,CSNK2A1,BLM,GMNN,ACD,TUBA1A,DYNC1H1,DKC1,CDK4,ATR,STAG1,TUBB,NUP133,NCAPD3,CSNK1D,NUP93,TUBB2A,SMC1A,AKT2,NUP214,RAD50,NUP205,MCM5,PRKCB,PSMB8,POLE,YWHAG,NCAPH,NUP88
GO:0007017	microtubule-based process	1.80168130344464e-07	778	BRCA1,MLH1,BRCA2,LMNA,VCP,MECP2,WDR62,PEX1,ARMC4,MYH9,HTT,STIL,GJA1,WDR35,TUBA1A,DYNC1H1,CEP120,HSPB1,STAG1,TUBB,CSNK1D,DNAL1,KIF5A,TUBB2A,SMC1A,IFT140,CCDC88C,MET,CALM1,CHD3,KIF14,SBDS
GO:0008544	epidermis development	1.97104143588847e-07	473	KRT17,KRT6A,KRT12,ERCC2,NF1,KRT16,DSP,KRT9,EPHA2,KRT2,MAP2K1,SLC9A3R1,WAS,SOX9,ALDH3A2,ATP2C1,INSR,KRT5,RBPJ,ATP7A,KRT10,EGFR
GO:0097190	apoptotic signaling pathway	2.50573762305462e-07	616	BRCA1,MSH2,MLH1,MSH6,ATM,BRCA2,LMNA,GSTP1,WFS1,CSNK2A1,NF1,HTT,TGFBR1,SGPL1,NDUFS3,EPHA2,TNFRSF1A,WDR35,SLC9A3R1
GO:0002200	somatic diversification of immune receptors	2.5188751244499e-07	72	MSH2,MLH1,MSH6,ATM,PMS2,LIG4,SAMHD1,BCL11B,MCM3AP,ERCC1,ADAR,NBN,MAD2L2,HSPD1
GO:0006310	DNA recombination	6.218828315499e-07	292	BRCA1,MSH2,MLH1,MSH6,ATM,BRCA2,BRIP1,ERCC2,BLM,SETX,WAS,REV3L,LIG4,SAMHD1,XRCC1,ERCC6,BCL11B,RAD50,MCM5,ACTL6A,ERCC1
REAC:R-HSA-2262752	Cellular responses to stress	7.36855834261402e-07	476	ATM,VCP,GSTP1,HSPB8,STAT3,ACD,TUBA1A,CAMK2B,DYNC1H1,VHL,CDK4,ATR,NUP133,NUP93,ATP7A,TUBB2A,HSPA9,NUP214,PHC1,NPRL2,RAD50,NUP205,PSMB8,EHMT1,RPS6KA3,NUP88,MAPKAPK3,EZH2,CBX2,NBN,AR,SOD1
REAC:R-HSA-3108232	SUMO E3 ligases SUMOylate target proteins	7.86282141323407e-07	170	BRCA1,NFKBIA,BLM,VHL,STAG1,NUP133,DNMT1,NUP93,SMC1A,NUP214,PHC1,CHD3,NUP205,HDAC4,NUP88,CTBP1,DNMT3A,CBX2,AR
GO:0071417	cellular response to organonitrogen compound	8.16590735503576e-07	673	BRCA1,ATP1A3,COL6A1,PTPN11,GSTP1,DNM2,BRIP1,STAT1,STAT3,BLM,PIK3R2,GJA1,SLC9A3R1,FBN1,CDK4,SOX9,PRNP,MEN1,DNMT1,INSR,ATP7A,EGFR,AKT2,ACTB,LPL,COL1A1,PRKCB,YWHAG,PRKCD,PHIP,TSC2,GNAL,EZH2,DNMT3A,CA2,PTEN
GO:0048732	gland development	9.56326226165588e-07	453	ATM,BRCA2,BRAF,NF1,TGFBR1,UMPS,EPHA2,MAP2K1,WDR35,SLC9A3R1,SOX10,SOX9,INSR,RBPJ,ATP7A,GFER,EGFR,AKT2,CIT,MET,BCL11B,ACO2,LRP5,SMAD4,SLC29A1,EZH2,PTEN,ZMPSTE24,AR,CUL3,SOD1
REAC:R-HSA-2990846	SUMOylation	1.44044306667236e-06	176	BRCA1,NFKBIA,BLM,VHL,STAG1,NUP133,DNMT1,NUP93,SMC1A,NUP214,PHC1,CHD3,NUP205,HDAC4,NUP88,CTBP1,DNMT3A,CBX2,AR
GO:0043069	negative regulation of programmed cell death	1.52638798865942e-06	948	BRCA1,MSH2,BRAF,LMNA,GSTP1,WFS1,CSNK2A1,MECP2,NFKBIA,STXBP1,SETX,HTT,TGFBR1,MALT1,STIL,NDUFS3,FOXP1,VHL,SOX10,SOX9,PRNP,HSPB1,DNMT1,LIG4,MYD88,EGFR,AKT2,HSPA9,MET,BCL11B,KIF14,TRIM32,PTRH2,ARHGDIA,CASP8,RPS6KA3,ADAR,PRKCD,PHIP,PTEN,ACTC1,ATAD3A,KIT,AR,SOD1,HSPD1,STAMBP
REAC:R-HSA-8953897	Cellular responses to external stimuli	1.54510721472198e-06	490	ATM,VCP,GSTP1,HSPB8,STAT3,ACD,TUBA1A,CAMK2B,DYNC1H1,VHL,CDK4,ATR,NUP133,NUP93,ATP7A,TUBB2A,HSPA9,NUP214,PHC1,NPRL2,RAD50,NUP205,PSMB8,EHMT1,RPS6KA3,NUP88,MAPKAPK3,EZH2,CBX2,NBN,AR,SOD1
GO:0044087	regulation of cellular component biogenesis	1.57818149758579e-06	968	BRCA1,ATM,BRAF,PTPN11,VCP,DNM2,MECP2,ERCC2,STXBP1,HTT,TGFBR1,STIL,EPHA2,PEX5,TNFRSF1A,GJA1,DYNC1H1,WAS,CEP120,SOX9,ATR,STAG1,SPTAN1,ATP7A,RAB7A,SMC1A,IFT140,NF2,MET,NPRL2,KIF14,HDAC4,PLEKHM1,GBA,MKKS,ERCC1,SMAD4,PRKCD,BIN1,ARPC1B,TBCD,RAB3GAP2,PTEN,CYLD,KIT
GO:0048729	tissue morphogenesis	1.70404035525138e-06	686	KRT17,COL6A1,STAT1,KRT6A,KRT16,MYH7,TGFBR1,DSP,STIL,EPHA2,GJA1,SLC9A3R1,FOXP1,SOX10,SOX9,RBPJ,ATP7A,EGFR,NF2,MYO9A,MET,ACTB,LRP5,MIB1,MYL3,PSMB8,MED12,SOX11,MKKS,KRT71,SMAD4,TSC2,CLTC,CA2,PTEN,ACTC1
GO:0010564	regulation of cell cycle process	2.09472422828063e-06	794	BRCA1,ATM,BRCA2,CSNK2A1,MECP2,ERCC2,BLM,STIL,TUBA1A,DYNC1H1,CDK4,CEP120,SOX9,STAG1,TUBB,CSNK1D,MEN1,INSR,SMC1A,EGFR,AKT2,CIT,PHC1,CALM1,LRP5,KIF14,PSMB8,EHMT1,POC1A,CALM2,YWHAG,PHIP,BIN1,EZH2,CLTC,PTEN,CRADD,ZMPSTE24,NBN,CUL3,MAD2L2,CDT1
GO:0000226	microtubule cytoskeleton organization	2.41189606912862e-06	576	BRCA1,MLH1,BRCA2,LMNA,VCP,MECP2,WDR62,ARMC4,MYH9,HTT,STIL,GJA1,TUBA1A,DYNC1H1,CEP120,STAG1,TUBB,CSNK1D,DNAL1,TUBB2A,SMC1A,CCDC88C,MET,CALM1,CHD3,SBDS
GO:0002566	somatic diversification of immune receptors via somatic mutation	2.46300645758736e-06	14	MSH2,MLH1,MSH6,PMS2,SAMHD1,MCM3AP,ADAR
GO:0044403	symbiotic process	2.83992564492273e-06	891	MSH6,VCP,STAT1,KRT6A,NFKBIA,ERCC2,STAT3,IL2RG,EPHA2,TNFRSF1A,TBK1,PC,NUP133,INSR,NUP93,RAB7A,LIG4,NPC1,EGFR,THOC2,MET,NUP214,UBR4,RAD50,NUP205,CHD1,TRIM32,TARDBP,PSMB8,IFIH1,MXRA8,LCK,RPL18,CASP8,NUP88,ADAR,TSC2,BIN1,CTBP1
REAC:R-HSA-5423599	Diseases of Mismatch Repair (MMR)	2.8794962102625e-06	5	MSH2,MLH1,MSH6,PMS2
GO:0048534	hematopoietic or lymphoid organ development	3.68448048541728e-06	956	MSH2,ATM,BRCA2,BRAF,PTPN11,STAT1,FLI1,ZAP70,NFKBIA,ERCC2,NF1,MYH9,STAT3,TGFBR1,SGPL1,MALT1,EPHA2,MAP2K1,ALAS2,FOXP1,FBN1,RBPJ,ATP7A,LIG4,MYO1E,HSPA9,BCL11B,LRP5,SBDS,HDAC4,PRKCB,PSMB8,IKZF1,ERCC1,LCK,CASP8,ADAR,EEF2,CA2,ZMPSTE24,ACTN1,CYLD,LBR,KIT
GO:0044419	interspecies interaction between organisms	4.36643414305396e-06	945	MSH6,VCP,STAT1,MECP2,KRT6A,NFKBIA,ERCC2,STAT3,IL2RG,EPHA2,TNFRSF1A,TBK1,PC,NUP133,INSR,NUP93,RAB7A,LIG4,NPC1,EGFR,THOC2,MET,NUP214,UBR4,RAD50,NUP205,CHD1,TRIM32,TARDBP,PSMB8,IFIH1,MXRA8,LCK,RPL18,CASP8,NUP88,ADAR,TSC2,BIN1,CTBP1
GO:0043009	chordate embryonic development	5.81881250239085e-06	657	BRCA1,MFN2,MSH2,ATM,BRCA2,ERCC2,NF1,MYH9,TGFBR1,STIL,EPHA2,MAP2K1,SOX10,SOX9,NUP133,RBPJ,ATP7A,LIG4,MYO1E,IFT140,EGFR,THOC2,SBDS,COL1A1,MIB1,MED12,SOX11,ACTL6A,CASP8,SMAD4,TSC2,SLC25A20,NBN,AR,CUL3,POGLUT1
GO:0051054	positive regulation of DNA metabolic process	6.09911927297412e-06	195	BRCA1,MSH2,MLH1,ATM,MECP2,ERCC2,ACD,WAS,DKC1,ATR,PARN,XRCC1,EGFR,ERCC6
GO:0051052	regulation of DNA metabolic process	7.04267972665344e-06	360	BRCA1,MSH2,MLH1,MSH6,ATM,MECP2,ERCC2,BLM,ACD,GJA1,WAS,DKC1,ATR,PARN,MEN1,XRCC1,EGFR,ERCC6
GO:0043066	negative regulation of apoptotic process	7.48219290972794e-06	926	BRCA1,MSH2,BRAF,LMNA,GSTP1,WFS1,CSNK2A1,MECP2,NFKBIA,STXBP1,SETX,HTT,TGFBR1,MALT1,STIL,NDUFS3,FOXP1,VHL,SOX10,SOX9,PRNP,HSPB1,DNMT1,LIG4,MYD88,EGFR,AKT2,HSPA9,BCL11B,KIF14,TRIM32,PTRH2,ARHGDIA,CASP8,RPS6KA3,ADAR,PRKCD,PHIP,PTEN,ACTC1,ATAD3A,AR,SOD1,HSPD1,STAMBP
GO:0009896	positive regulation of catabolic process	9.44922254117813e-06	442	MFN2,ATM,VCP,HSPB8,CSNK2A1,HTT,HUWE1,GJA1,TBK1,SOX9,VPS13C,ZBTB20,CSNK1D,INSR,RAB7A,AKT2,ABCD1,NPRL2,VPS13D,TRIM32,TARDBP,FTO,GBA
GO:0016446	somatic hypermutation of immunoglobulin genes	1.19957304557934e-05	13	MSH2,MLH1,MSH6,PMS2,SAMHD1,MCM3AP
GO:0009792	embryo development ending in birth or egg hatching	1.20591765075191e-05	675	BRCA1,MFN2,MSH2,ATM,BRCA2,ERCC2,NF1,MYH9,TGFBR1,STIL,EPHA2,MAP2K1,SOX10,SOX9,NUP133,RBPJ,ATP7A,LIG4,MYO1E,IFT140,EGFR,THOC2,SBDS,COL1A1,MIB1,MED12,SOX11,ACTL6A,CASP8,SMAD4,TSC2,SLC25A20,NBN,AR,CUL3,POGLUT1
GO:0030855	epithelial cell differentiation	1.42206605584415e-05	786	KRT17,STAT1,KRT6A,KRT12,ERCC2,KRT16,DSP,KRT9,EPHA2,KRT2,MAP2K1,TNFRSF1A,SLC9A3R1,LAMB2,SOX9,PRNP,MEN1,KRT5,RBPJ,KRT10,MYD88,MYO1E,AKT2,CCDC88C,NF2,MYO9A,MET,BCL11B
GO:0060249	anatomical structure homeostasis	1.88391440381534e-05	442	ATM,BRCA2,PTPN11,FH,NF1,BLM,ACD,DKC1,SOX9,ATR,PARN,HSPB1,XRCC1,EGFR,ERCC6,ACTB,RAD50,TRIM32,PLEKHM1,POLE,IQCB1,MKKS,ERCC1,BBS1
REAC:R-HSA-9006925	Intracellular signaling by second messengers	2.06963025263728e-05	288	PTPN11,CSNK2A1,PIK3R2,CAMK2B,INSR,MYD88,EGFR,AKT2,MET,PHC1,CALM1,CHD3,PSMB8,LCK,PIP5K1C,PRKCD,TSC2,CHD4,EZH2,PTEN,CBX2,KIT
GO:0009314	response to radiation	2.38528233071673e-05	447	BRCA1,MSH2,MSH6,ATM,BRCA2,BRAF,DNM2,MECP2,ERCC2,NF1,BLM,POLG,ATR,MEN1,LIG4,SMC1A,EGFR,ERCC6,AKT2,CALM1,LRP5,TRIM32
GO:0016032	viral process	2.48317948811894e-05	838	MSH6,VCP,STAT1,NFKBIA,ERCC2,STAT3,IL2RG,EPHA2,TNFRSF1A,TBK1,PC,NUP133,INSR,NUP93,RAB7A,LIG4,NPC1,EGFR,NUP214,UBR4,RAD50,NUP205,CHD1,TRIM32,TARDBP,PSMB8,IFIH1,MXRA8,LCK,RPL18,CASP8,NUP88,ADAR,TSC2,BIN1,CTBP1
GO:0006302	double-strand break repair	3.2126529989738e-05	262	BRCA1,MSH2,MLH1,ATM,BRCA2,VCP,BRIP1,BLM,SETX,WAS,REV3L,LIG4,SAMHD1,XRCC1,ERCC6,RAD50,MCM5,ERCC1
GO:0010165	response to X-ray	3.40721560211765e-05	32	MSH2,ATM,BRCA2,DNM2,BLM,LIG4,ERCC6,ERCC1
GO:0007051	spindle organization	3.69074885616318e-05	175	MLH1,VCP,MECP2,WDR62,MYH9,STIL,DYNC1H1,CEP120,STAG1,TUBB,CSNK1D,SMC1A,CHD3,SBDS
GO:0097193	intrinsic apoptotic signaling pathway	3.94480533429614e-05	296	BRCA1,MSH2,MLH1,MSH6,ATM,BRCA2,WFS1,NDUFS3,EPHA2,TNFRSF1A,SLC9A3R1,HSPB1,WWOX,ERCC6,EIF2AK3,TRIM32,LCK,PRKCD,CYLD,NBN,CUL3,SOD1,DIABLO
GO:0060322	head development	4.67204381648308e-05	801	ATM,BRCA2,GLUD1,BRAF,PTPN11,MECP2,NF1,WDR62,ARMC4,SGPL1,STIL,NDUFS3,PEX5,MAP2K1,CEP120,SOX9,CSNK1D,MEN1,EIF2B5,RBPJ,ATP7A,XRCC1,EGFR,NF2,ACTB,BCL11B,CALM1,KIF14,COL1A1
GO:0051053	negative regulation of DNA metabolic process	4.80878722146304e-05	124	MSH2,MLH1,MSH6,ATM,BLM,ACD,GJA1,MEN1,XRCC1,ERCC6,RAD50,ERCC1,TRIP12,NBN,MAD2L2
GO:2001252	positive regulation of chromosome organization	5.02054506816888e-05	184	BRCA1,ATM,LMNA,MECP2,ACD,DKC1,ATR,PARN,DNMT1,LIG4,RAD50,ERCC1,SMAD4,CTBP1,NBN,CUL3,WBP2,CDT1
GO:0042063	gliogenesis	5.49415219573894e-05	310	PTPN11,GSTP1,ERCC2,NF1,STAT3,MAP2K1,SOX10,LAMB2,SOX9,EIF2B5,EGFR,AKT2,NF2,MED12,SOX11,MXRA8,EIF2B4,BIN1,EEF2,EZH2,PTEN,HEXB
GO:0071260	cellular response to mechanical stimulus	6.5867902806612e-05	80	PTPN11,TNFRSF1A,GJA1,SOX9,MYD88,EGFR,COL1A1,HDAC4,ARHGDIA,CASP8,CRADD,ATP1A1
GO:0031329	regulation of cellular catabolic process	7.24708675614365e-05	850	MFN2,ATM,VCP,NBAS,HSPB8,CSNK2A1,STAT3,HTT,HUWE1,PIK3R2,TBK1,DKC1,VPS13C,PARN,HSPB1,ZBTB20,CSNK1D,INSR,NPC1,MYD88,AKT2,ABCD1,MET,NUP214,NPRL2,VPS13D,TARDBP,EXOSC8,FTO,GBA,PSMB8
GO:0016445	somatic diversification of immunoglobulins	8.36620369261107e-05	61	MSH2,MLH1,MSH6,PMS2,LIG4,SAMHD1,MCM3AP,ERCC1,NBN,MAD2L2,HSPD1
GO:0018205	peptidyl-lysine modification	9.13131962773678e-05	405	BRCA1,BRCA2,LMNA,MECP2,NSD1,NUP133,MEN1,DNMT1,NUP93,ATP7A,NUP214,MCM3AP,BAZ1A,NUP205,HDAC4,EHMT1,IFIH1,VPS33B,ACTL6A,NUP88,SMAD4,CTBP1,EZH2,ZMPSTE24,MED24,WBP2
GO:0010035	response to inorganic substance	9.34589052836464e-05	575	BRAF,VCP,DNM2,STAT1,MTR,BLM,SETX,CDK4,PRNP,EIF2B5,ATP7A,LIG4,NPC1,EGFR,ERCC6,EIF2AK3,MET,CALM1,COL1A1,ERCC1,CALM2,CASP8,PRKCD,EEF2,EZH2,DNMT3A,CA2,PTEN,KIT,PPP3CA,SOD1,HSPD1
GO:0002009	morphogenesis of an epithelium	0.00010648914384482	556	KRT17,STAT1,KRT6A,KRT16,STIL,EPHA2,GJA1,SLC9A3R1,FOXP1,SOX10,SOX9,RBPJ,ATP7A,EGFR,MYO9A,MET,ACTB,LRP5,MIB1,PSMB8,MED12,SOX11,MKKS,KRT71,SMAD4,TSC2,CLTC,CA2,PTEN,AR,AP2S1
GO:0048589	developmental growth	0.000106589147219227	698	ATM,BRCA2,COL6A1,PTPN11,DNM2,ERCC2,STAT3,TGFBR1,SGPL1,STIL,PEX5,GJA1,SOX10,LAMB2,CDK4,SOX9,INSR,RBPJ,ERCC6,GPD2,SBDS,FTO,MED12,MKKS,ERCC1,POC1A,SMAD4,EZH2,BMPR1B,PTEN,ZMPSTE24,NBN,PPP3CA,AR,SOD1,L1CAM
GO:0043588	skin development	0.000107791824019744	420	KRT17,KRT6A,KRT12,ERCC2,NF1,KRT16,DSP,KRT9,EPHA2,KRT2,MAP2K1,SOX9,KRT5,RBPJ,ATP7A,KRT10,EGFR,MET,BCL11B,COL1A1,GBA
GO:0002562	somatic diversification of immune receptors via germline recombination within a single locus	0.000109948926669382	64	MSH2,MLH1,MSH6,ATM
GO:0016444	somatic cell DNA recombination	0.000109948926669382	64	MSH2,MLH1,MSH6,ATM
GO:0030097	hemopoiesis	0.000113608385965337	916	MSH2,ATM,BRCA2,BRAF,PTPN11,STAT1,FLI1,ZAP70,NFKBIA,ERCC2,NF1,MYH9,STAT3,SGPL1,MALT1,EPHA2,ALAS2,FOXP1,FBN1,RBPJ,ATP7A,LIG4,MYO1E,HSPA9,BCL11B,SBDS,HDAC4,PRKCB,PSMB8,IKZF1,ERCC1,LCK,CASP8,ADAR,EEF2,CA2,ACTN1,CYLD,LBR,KIT
REAC:R-HSA-6796648	TP53 Regulates Transcription of DNA Repair Genes	0.00011710547958636	65	BRCA1,MSH2,MLH1,ATM
REAC:R-HSA-5693554	Resolution of D-loop Structures through Synthesis-Dependent Strand Annealing (SDSA)	0.000125151856227533	26	BRCA1,ATM,BRCA2,BRIP1,BLM
GO:0035264	multicellular organism growth	0.000129374020571897	154	ATM,PTPN11,ERCC2,STAT3,SGPL1,STIL,PEX5,CDK4,ERCC6,GPD2,FTO,MKKS,ERCC1,ZMPSTE24,AR,SOD1
GO:0048871	multicellular organismal homeostasis	0.00014048444609999	490	MFN2,PTPN11,WFS1,FH,NF1,KRT16,STAT3,GJA1,DYNC1H1,SOX9,HSPB1,RBPJ,EGFR,ERCC6,MET,ACTB,TRIM32,FTO,PLEKHM1,GBA,EHMT1,IQCB1,MKKS,BBS1
REAC:R-HSA-5358565	Mismatch repair (MMR) directed by MSH2:MSH6 (MutSalpha)	0.00014271059003872	14	MSH2,MLH1,MSH6
REAC:R-HSA-3108214	SUMOylation of DNA damage response and repair proteins	0.000152056629936446	72	BRCA1,BLM,STAG1,NUP133,NUP93,SMC1A,NUP214,PHC1,NUP205,NUP88,CBX2
GO:0010001	glial cell differentiation	0.000156692202024451	226	PTPN11,GSTP1,ERCC2,NF1,STAT3,MAP2K1,SOX10,LAMB2,SOX9,EIF2B5,EGFR,AKT2,MED12,SOX11,MXRA8,EIF2B4,BIN1,PTEN
GO:0009266	response to temperature stimulus	0.000176803404329535	236	ATM,VCP,HSPB8,NFKBIA,NF1,CAMK2B,ATR,NUP133,EIF2B5,NUP93,EIF2AK3,NUP214,LPL,NUP205,EIF2B4,CASP8,NUP88
REAC:R-HSA-5358508	Mismatch Repair	0.000178292823919029	15	MSH2,MLH1,MSH6
REAC:R-HSA-3371556	Cellular response to heat stress	0.000195344294655664	87	ATM,VCP,HSPB8,CAMK2B,ATR,NUP133,NUP93,HSPA9,NUP214,NUP205
GO:2001233	regulation of apoptotic signaling pathway	0.000199254816420698	414	BRCA1,LMNA,GSTP1,WFS1,CSNK2A1,NF1,HTT,TGFBR1,NDUFS3,WDR35,SLC9A3R1,HSPB1,WWOX,EIF2AK3,TRIM32,LCK,YWHAG,CASP8,PRKCD,PHIP,BMPR1B,PTEN,CRADD,CYLD,AR,SOD1
REAC:R-HSA-9006934	Signaling by Receptor Tyrosine Kinases	0.000240266307674327	455	COL6A1,BRAF,PTPN11,DNM2,STAT1,STAT3,MAP2K2,PIK3R2,MAP2K1,LAMB2,HSPB1,INSR,EGFR,WWOX,AKT2,MET,ACTB,CALM1,COL1A1,PRKCB,LCK,RPS6KA3,PRKCD,MAPKAPK3,CLTC
GO:0006260	DNA replication	0.000250020795069785	277	BRCA1,ATM,BRCA2,BRIP1,BLM,GMNN,POLG,ATR,REV3L,LIG4,SAMHD1,EGFR,BAZ1A,RAD50,MCM5,POLE,CHAF1B,ZMPSTE24,PURA,NBN,CDT1
REAC:R-HSA-1500620	Meiosis	0.000263924087092943	117	BRCA1,MLH1,ATM,BRCA2,BLM,ACD,CDK4,ATR,STAG1,SMC1A
GO:0021782	glial cell development	0.000271020715907732	121	GSTP1,ERCC2,NF1,SOX10,LAMB2,EIF2B5,EGFR,AKT2,MED12,SOX11,MXRA8,EIF2B4,PTEN,SOD1
REAC:R-HSA-1280215	Cytokine Signaling in Immune system	0.000272226496281617	831	BRAF,PTPN11,STAT1,NFKBIA,NF1,STAT3,MAP2K2,IL2RG,PIK3R2,MAP2K1,TNFRSF1A,CAMK2B,TBK1,NUP133,SPTAN1,NUP93,SAMHD1,MYD88,EGFR,AKT2,HSPA9,MET,NUP214,ACTB,CALM1,NUP205,PSMB8,LCK,RPS6KA3,NUP88,OSMR,ADAR,PRKCD
REAC:R-HSA-1257604	PIP3 activates AKT signaling	0.000274997570492943	249	PTPN11,CSNK2A1,PIK3R2,INSR,MYD88,EGFR,AKT2,MET,PHC1,CHD3,PSMB8,LCK,PIP5K1C,TSC2,CHD4,EZH2,PTEN,CBX2,KIT
GO:0010212	response to ionizing radiation	0.00027935039872665	146	BRCA1,MSH2,ATM,BRCA2,DNM2,BLM,POLG,ATR,MEN1,LIG4,ERCC6
GO:0061912	selective autophagy	0.000280560498095231	51	MFN2,HSPB8,HTT,HUWE1,TBK1,VPS13C,RAB7A,VPS13D,TSC2
GO:1901652	response to peptide	0.000288908972555194	545	ATP1A3,BRAF,PTPN11,GSTP1,BRIP1,STAT1,NFKBIA,STAT3,PIK3R2,GJA1,FBN1,CDK4,PRNP,MEN1,EIF2B5,INSR,AKT2,LPL,LRP5,COL1A1,PRKCB,EIF2B4,YWHAG,PRKCD,PHIP,TSC2,CA2,PTEN
GO:0071214	cellular response to abiotic stimulus	0.000295420130896558	332	ATM,PTPN11,DNM2,BLM,TNFRSF1A,GJA1,SOX9,ATR,LIG4,MYD88,EGFR,AKT2,CALM1,COL1A1,HDAC4,ERCC1,ARHGDIA,CASP8,PTEN,CRADD,ZMPSTE24,ATP1A1
GO:0104004	cellular response to environmental stimulus	0.000295420130896558	332	ATM,PTPN11,DNM2,BLM,TNFRSF1A,GJA1,SOX9,ATR,LIG4,MYD88,EGFR,AKT2,CALM1,COL1A1,HDAC4,ERCC1,ARHGDIA,CASP8,PTEN,CRADD,ZMPSTE24,ATP1A1
GO:1903578	regulation of ATP metabolic process	0.000329819487363783	122	VCP,STAT3,ZBTB20,NUP133,INSR,NUP93,ATP7A,ABCD1,NUP214,NUP205,HDAC4,NUP88,ISCU
GO:0046034	ATP metabolic process	0.000363783489347058	308	MSH2,VCP,MECP2,MYH7,STAT3,NDUFS3,NDUFB3,ZBTB20,NUP133,INSR,NUP93,ATP7A,ABCD1,NUP214,NUP205,HDAC4,CLPX,NUP88,COX6B1,ISCU
REAC:R-HSA-3700989	Transcriptional Regulation by TP53	0.000372583970708255	362	BRCA1,MSH2,MLH1,ATM,BRIP1,CSNK2A1,ERCC2,TAF6,PMS2,BLM,ATR,AKT2,TAF13,CHD3,RAD50,EHMT1,YWHAG,TSC2,CHD4,COX6B1,PTEN,CRADD,NBN
GO:0070200	establishment of protein localization to telomere	0.000401369105345401	18	ATM,BRCA2,ACD,DKC1,ATR
GO:0006091	generation of precursor metabolites and energy	0.000418350466375155	544	MSH2,VCP,MECP2,FH,STAT3,NDUFS3,NDUFB3,ZBTB20,NUP133,INSR,NUP93,ATP7A,ETFDH,AKT2,GPD2,ABCD1,SDHB,NUP214,CALM1,ACO2,NUP205,HDAC4,NUP88,MDH2,COX6B1,IDH3B,ISCU
GO:0043549	regulation of kinase activity	0.000439593664161919	911	BRAF,PTPN11,GSTP1,NF1,BLM,HTT,MAP2K2,TGFBR1,MALT1,EPHA2,PIK3R2,MAP2K1,SLC9A3R1,CDK4,PRNP,HSPB1,MEN1,INSR,EGFR,ERCC6,NF2,MET,ACTB,CALM1,NPRL2,LRP5,RAD50,KIF14,GBA,CALM2,YWHAG,ADAR,PRKCD,TSC2,MAPKAPK3,EZH2,PTEN,KIT,NBN
REAC:R-HSA-5693568	Resolution of D-loop Structures through Holliday Junction Intermediates	0.00044346292631551	33	BRCA1,ATM,BRCA2,BRIP1,BLM
GO:0043434	response to peptide hormone	0.000481568054862147	456	BRAF,PTPN11,GSTP1,BRIP1,STAT1,STAT3,PIK3R2,GJA1,FBN1,CDK4,MEN1,EIF2B5,INSR,AKT2,LPL,LRP5,COL1A1,PRKCB,EIF2B4,YWHAG,PRKCD,PHIP,TSC2,CA2,PTEN
GO:0007346	regulation of mitotic cell cycle	0.000504928846536208	713	BRCA1,MSH2,ATM,BRCA2,PTPN11,MECP2,ERCC2,BLM,MAP2K2,MAP2K1,TUBA1A,SLC9A3R1,DYNC1H1,CDK4,STAG1,TUBB,CSNK1D,INSR,SMC1A,EGFR,LRP5,KIF14,PSMB8,YWHAG,PHIP,EZH2,CLTC,PTEN,CRADD,ZMPSTE24,CYLD,NBN,CUL3,MAD2L2,CDT1
GO:0008340	determination of adult lifespan	0.000509944554581337	18	MSH2,MSH6,ATM
REAC:R-HSA-5693537	Resolution of D-Loop Structures	0.000518574279363394	34	BRCA1,ATM,BRCA2,BRIP1,BLM
GO:0001701	in utero embryonic development	0.000625437095954386	392	MFN2,MSH2,BRCA2,ERCC2,MYH9,TGFBR1,STIL,MAP2K1,SOX10,RBPJ,ATP7A,LIG4,MYO1E,EGFR,THOC2,SBDS,MIB1,ACTL6A,CASP8,SMAD4,SLC25A20,NBN,AR,CUL3
GO:1904354	negative regulation of telomere capping	0.000670183535049873	8	ATM,XRCC1,RAD50,ERCC1,NBN
REAC:R-HSA-5693616	Presynaptic phase of homologous DNA pairing and strand exchange	0.000729927879094011	39	BRCA1,ATM,BRCA2,BRIP1,BLM,ATR
GO:0007507	heart development	0.000777514853354463	594	ATM,LMNA,PTPN11,DNM2,NF1,MYH7,ARMC4,TGFBR1,DSP,STIL,MAP2K1,TNFRSF1A,GJA1,FBN1,SOX9,INSR,RBPJ,IFT140,EGFR,MIB1,MYL3,MED12,SOX11,MKKS,SMAD4,TSC2,PTEN,ACTC1,ZMPSTE24
GO:0051640	organelle localization	0.00080519323134675	643	MFN2,MLH1,ATM,DNM2,STXBP1,PEX1,MYH9,HTT,GJA1,TUBA1A,SLC9A3R1,DYNC1H1,CEP120,TUBB,CSNK1D,KIF5A,NUP214,KIF14,PLEKHM1,IQCB1,VPS33B,MKKS,STX7,YWHAG,NUP88,BIN1,MYO7A,PTEN,KIT,KIF1A,CUL3,CDT1,KIF5C
GO:1903599	positive regulation of autophagy of mitochondrion	0.000899134519369199	21	MFN2,HTT,HUWE1,VPS13C,VPS13D,GBA
GO:0001667	ameboidal-type cell migration	0.000943680610936741	472	BRAF,PTPN11,MECP2,NF1,KRT16,MYH9,TGFBR1,SGPL1,EPHA2,KRT2,GJA1,FOXP1,SOX10,SOX9,HSPB1
GO:0031331	positive regulation of cellular catabolic process	0.0009492266711174	374	MFN2,ATM,VCP,HSPB8,HTT,HUWE1,TBK1,VPS13C,ZBTB20,CSNK1D,INSR,AKT2,ABCD1,NPRL2,VPS13D,TARDBP,FTO,GBA,PRKCD,TSC2,RAB3GAP2,PTEN
GO:0009612	response to mechanical stimulus	0.000949802157028153	215	PTPN11,STAT1,NFKBIA,HTT,TNFRSF1A,GJA1,SOX9,MYD88,EGFR,COL1A1,HDAC4,MKKS,ARHGDIA,CASP8,CRADD,KIT,ATP1A1
GO:0001501	skeletal system development	0.00107154353561591	535	COL6A1,PTPN11,FLI1,TGFBR1,SGPL1,EPHA2,GJA1,FOXP1,FBN1,SOX9,ATP7A,IFT140,WWOX,EIF2AK3,LRP5,SBDS,COL1A1,HDAC4,MED12,SOX11,MKKS,POC1A,RPS6KA3,BMPR1B,ZMPSTE24,HEXB,KIT,RAB23
GO:0043467	regulation of generation of precursor metabolites and energy	0.00109886454654505	159	VCP,STAT3,ZBTB20,NUP133,INSR,NUP93,ATP7A,AKT2,ABCD1,NUP214,NUP205,HDAC4,NUP88,ISCU
REAC:R-HSA-912446	Meiotic recombination	0.00113739006675098	87	BRCA1,MLH1,ATM,BRCA2
GO:0045137	development of primary sexual characteristics	0.00115372875484671	228	MSH2,ATM,BRCA2,BRIP1,TGFBR1,SGPL1,SOX9,EIF2B5,INSR,MKKS,ERCC1,EIF2B4,SMAD4,BMPR1B,CBX2,KIT,AR,SOD1
REAC:R-HSA-5693579	Homologous DNA Pairing and Strand Exchange	0.00115691267341802	42	BRCA1,ATM,BRCA2,BRIP1,BLM,ATR
GO:0006913	nucleocytoplasmic transport	0.00122596925437782	359	LMNA,PTPN11,NFKBIA,NF1,GLE1,STAT3,MALT1,PIK3R2,NUP133,NUP93,THOC2,HSPA9,NUP214,MCM3AP,NUP205,TARDBP,UPF3B,NUP88,PRKCD,TSC2
GO:0017038	protein import	0.00122613702277707	203	LMNA,NFKBIA,NF1,PEX1,STAT3,PIK3R2,PEX5,NUP133,NUP93,NUP214,TARDBP,NUP88,PRKCD,TSC2,PPP3CA,RAB23,HSPD1
REAC:R-HSA-5685938	HDR through Single Strand Annealing (SSA)	0.00132052506786797	37	BRCA1,ATM,BRIP1,BLM,ATR,RAD50,ERCC1,NBN
GO:0070268	cornification	0.00138534641165701	112	KRT17,KRT6A,KRT12,KRT16,DSP,KRT9,KRT2,KRT5,KRT10
GO:0051169	nuclear transport	0.00140228410872313	362	LMNA,PTPN11,NFKBIA,NF1,GLE1,STAT3,MALT1,PIK3R2,NUP133,NUP93,THOC2,HSPA9,NUP214,MCM3AP,NUP205,TARDBP,UPF3B,NUP88,PRKCD,TSC2
REAC:R-HSA-9607240	FLT3 Signaling	0.0014276744109134	250	BRAF,PTPN11,NF1,MAP2K2,IL2RG,PIK3R2,MAP2K1,CAMK2B,SPTAN1,EGFR,AKT2,MET,ACTB,CALM1
GO:0080135	regulation of cellular response to stress	0.00151828165393098	764	BRCA1,ATM,BRAF,GSTP1,WFS1,HSPB8,MAP2K2,MAP2K1,CAMK2B,WAS,VPS13C,ATR,HSPB1,NUP133,MEN1,NUP93,MYD88,XRCC1,EGFR,ERCC6,ABCD1,EIF2AK3,MET,NUP214,NUP205,TRIM32
GO:0071897	DNA biosynthetic process	0.00156798041980385	193	ATM,VCP,ACD,GJA1,POLG,DKC1,ATR,PARN,REV3L,MEN1,LIG4
GO:0006325	chromatin organization	0.00163704813977565	822	BRCA1,ATM,BRCA2,LMNA,MECP2,TAF6,HUWE1,SOX9,NSD1,MEN1,DNMT1,ERCC6,ACTB,PHC1,MCM3AP,CHD3,BAZ1A,CHD1,HDAC4,PRKCB,IKZF1,EHMT1,ACTL6A,SMAD4,PRKCD,CHAF1B,CHD4,CTBP1,EZH2,TRIP12,DNMT3A,CBX2,ZMPSTE24,SMARCC2,MED24,WBP2,SMARCA2
REAC:R-HSA-166520	Signaling by NTRKs	0.00166183871009444	98	BRAF,PTPN11,DNM2,STAT3,MAP2K2,PIK3R2,MAP2K1
GO:0046649	lymphocyte activation	0.00167399807041972	754	MSH2,MLH1,MSH6,ATM,BRAF,PTPN11,ZAP70,MYH9,STAT3,MALT1,WAS,TBK1,FOXP1,PRNP,RBPJ,ATP7A,LIG4,MYD88,BCL11B,HDAC4,PRKCB,IKZF1,SOX11,ERCC1,LCK,CASP8,PRKCD,CYLD,KIT,PURA,NBN,PPP3CA,SOD1,MAD2L2,HSPD1
GO:0033044	regulation of chromosome organization	0.00176688889368586	367	BRCA1,ATM,LMNA,MECP2,ACD,DKC1,ATR,PARN,NSD1,DNMT1,LIG4,XRCC1,RAD50,ERCC1,SMAD4,CTBP1,TRIP12,ZMPSTE24,NBN,CUL3,WBP2,MAD2L2,CDT1
REAC:R-HSA-1474165	Reproduction	0.0017751126320929	143	BRCA1,MLH1,ATM,BRCA2,BLM,ACD,CDK4,ATR,STAG1,SMC1A
REAC:R-HSA-6802957	Oncogenic MAPK signaling	0.00189929707587289	69	BRAF,LMNA,NF1,MAP2K2,MAP2K1,CAMK2B,ACTB,CALM1,AGK
GO:0006312	mitotic recombination	0.0019268015966306	22	MLH1,BRCA2,ERCC2,XRCC1,RAD50,ERCC1
REAC:R-HSA-373760	L1CAM interactions	0.00211553270576333	119	DNM2,CSNK2A1,MAP2K2,MAP2K1,TUBA1A,SPTAN1,TUBB2A,EGFR,ACTB,RPS6KA3,CLTC,AP2S1,L1CAM
GO:0007568	aging	0.0022295846878694	329	MSH2,MSH6,ATM,BRCA2,LMNA,ERCC2,KRT16,STAT3,MAP2K1,POLG,ATR,PRNP,EIF2B5
GO:0006298	mismatch repair	0.00232536932495601	34	MSH2,MLH1,MSH6
GO:0009416	response to light stimulus	0.00246930221901396	313	MSH2,MSH6,BRCA2,BRAF,DNM2,MECP2,ERCC2,NF1,POLG,ATR,MEN1,EGFR,ERCC6,AKT2,CALM1,TRIM32
GO:0030048	actin filament-based movement	0.00246968274034779	145	TPM3,MYH7,MYH9,DSP,GJA1,WAS,MYO1E,CCDC88C,MYL3,BIN1,MYO7A,ACTC1,ATP1A1,TPM2
GO:0007420	brain development	0.00248039497391936	756	ATM,BRCA2,GLUD1,PTPN11,MECP2,NF1,WDR62,ARMC4,STIL,NDUFS3,PEX5,MAP2K1,CEP120,CSNK1D,MEN1,EIF2B5,RBPJ,ATP7A,XRCC1,EGFR,NF2,ACTB,BCL11B,CALM1,KIF14
GO:0032508	DNA duplex unwinding	0.00249769872828748	109	BRIP1,ERCC2,BLM,SETX,ERCC6,CHD3,RAD50,CHD1,MCM5,CHD4,PURA,NBN
GO:0034504	protein localization to nucleus	0.0025192397805457	278	LMNA,NFKBIA,NF1,STAT3,PIK3R2,DKC1,SOX9,NUP133,NUP93,NF2,EIF2AK3,NUP214,COL1A1,TARDBP,NUP88,PRKCD,TSC2,PPP3CA,RAB23
GO:0061982	meiosis I cell cycle process	0.00256190305858576	121	MLH1,MSH6,ATM,BRCA2,BRIP1
GO:0048708	astrocyte differentiation	0.0030417640290107	83	PTPN11,NF1,STAT3,MAP2K1,LAMB2,SOX9,EIF2B5,EGFR
REAC:R-HSA-6804756	Regulation of TP53 Activity through Phosphorylation	0.00310961138850022	92	BRCA1,ATM,BRIP1,CSNK2A1,TAF6,BLM
REAC:R-HSA-5633007	Regulation of TP53 Activity	0.00315390038512233	160	BRCA1,ATM,BRIP1,CSNK2A1,TAF6,BLM,ATR,AKT2,TAF13,CHD3,RAD50,EHMT1
GO:0048608	reproductive structure development	0.00317268597352548	445	MSH2,ATM,BRCA2,PTPN11,BRIP1,TGFBR1,SGPL1,MAP2K1,GJA1,SOX9,MEN1,EIF2B5,INSR,RBPJ,EGFR,MKKS,ERCC1,EIF2B4,CASP8,SMAD4,BMPR1B,PTEN,KIT,AR,SOD1
GO:1901653	cellular response to peptide	0.00329327584386553	402	ATP1A3,PTPN11,GSTP1,BRIP1,STAT1,STAT3,PIK3R2,GJA1,FBN1,CDK4,PRNP,MEN1,INSR,AKT2,LPL,PRKCB,YWHAG,PRKCD,PHIP,TSC2,CA2,PTEN
GO:0010332	response to gamma radiation	0.0032936540879557	56	ATM,BRCA2,POLG,ATR,MEN1,LIG4,ERCC6
GO:0006606	protein import into nucleus	0.00335751831691057	154	LMNA,NFKBIA,NF1,STAT3,PIK3R2,NUP133,NUP93,NUP214,TARDBP,NUP88,PRKCD,TSC2,PPP3CA,RAB23
GO:0030029	actin filament-based process	0.00346255110936813	781	TPM3,BRAF,NF1,MYH7,MYH9,TGFBR1,DSP,GJA1,SLC9A3R1,WAS,ATP2C1,SPTAN1,MYO1E,CCDC88C,NF2,CIT,MET,ACTB,TRIM32,MYL3,MKKS,ARHGDIA,PIP5K1C,SMAD4,PRKCD,BIN1,ARPC1B,MYO7A,ACTC1,ACTN1,KIT,ATP1A1,CUL3,TPM2,MAD2L2
GO:0000724	double-strand break repair via homologous recombination	0.003525085029127	139	BRCA1,ATM,BRCA2,BLM,WAS,REV3L,SAMHD1,XRCC1,ERCC6,RAD50,MCM5
GO:0070199	establishment of protein localization to chromosome	0.00361779730719922	27	ATM,BRCA2,ACD,DKC1,ATR
GO:0010256	endomembrane system organization	0.00374755347965585	449	LMNA,DNM2,MYH9,HTT,MAP2K2,PEX5,MAP2K1,CSNK1D,NUP93,RAB7A,DNAJC13,AKT2,ABCD1,EIF2AK3,CIT,TARDBP,PRKCB,VPS33B,PRKCD,BIN1,RAB3GAP2,PTEN,ZMPSTE24,AR,SOD1
GO:0061458	reproductive system development	0.00374755347965585	449	MSH2,ATM,BRCA2,PTPN11,BRIP1,TGFBR1,SGPL1,MAP2K1,GJA1,SOX9,MEN1,EIF2B5,INSR,RBPJ,EGFR,MKKS,ERCC1,EIF2B4,CASP8,SMAD4,BMPR1B,PTEN,KIT,AR,SOD1
GO:0009408	response to heat	0.00378102159207085	171	ATM,VCP,HSPB8,NF1,CAMK2B,ATR,NUP133,EIF2B5,NUP93,NUP214,NUP205,EIF2B4,NUP88,SOD1,HSPD1
GO:0000725	recombinational repair	0.00378829968595163	140	BRCA1,ATM,BRCA2,BLM,WAS,REV3L,SAMHD1,XRCC1,ERCC6,RAD50,MCM5
GO:0016569	covalent chromatin modification	0.00400023099083702	491	BRCA1,ATM,BRCA2,LMNA,MECP2,HUWE1,NSD1,MEN1,DNMT1,PHC1,MCM3AP,BAZ1A,CHD1,HDAC4,PRKCB,EHMT1,ACTL6A,SMAD4,PRKCD,CTBP1,EZH2,TRIP12,DNMT3A,ZMPSTE24,MED24,WBP2
GO:0071900	regulation of protein serine/threonine kinase activity	0.00400139657084899	519	BRAF,PTPN11,GSTP1,NF1,BLM,HTT,MAP2K2,TGFBR1,MAP2K1,CDK4,HSPB1,MEN1,INSR,EGFR,ERCC6,ACTB,CALM1,LRP5,GBA,CALM2,YWHAG,PRKCD,MAPKAPK3,EZH2,PTEN,KIT
GO:0048296	regulation of isotype switching to IgA isotypes	0.00400341000564098	5	MSH2,MLH1
GO:0008406	gonad development	0.00402528565809397	222	MSH2,ATM,BRCA2,BRIP1,TGFBR1,SGPL1,SOX9,EIF2B5,INSR,MKKS,ERCC1,EIF2B4,SMAD4,BMPR1B,KIT,AR,SOD1
GO:0007548	sex differentiation	0.00408296033183892	275	MSH2,ATM,BRCA2,PTPN11,BRIP1,TGFBR1,SGPL1,SOX9,EIF2B5,INSR,MKKS,ERCC1,EIF2B4,SMAD4,BMPR1B,CBX2,KIT,AR,SOD1
GO:0009913	epidermal cell differentiation	0.00411254846985286	360	KRT17,KRT6A,KRT12,ERCC2,KRT16,DSP,KRT9,EPHA2,KRT2,MAP2K1,SLC9A3R1,KRT5,RBPJ,KRT10
REAC:R-HSA-6809371	Formation of the cornified envelope	0.00434159057420558	128	KRT17,KRT6A,KRT12,KRT16,DSP,KRT9,KRT2,KRT5,KRT10
GO:0060341	regulation of cellular localization	0.0044168298637306	823	LMNA,PTPN11,NF1,STXBP1,HTT,MAP2K2,HUWE1,EPHA2,PIK3R2,MAP2K1,DYNC1H1,DKC1,PRNP,EGFR,DNAJC13,AKT2,THOC2,NF2,EIF2AK3,NUP214,ACTB,CALM1,LRP5,TARDBP,STX7,CALM2,YWHAG,CASP8,PRKCD,ISCU,CLTC,PTEN,CYLD,RAB23,AR
GO:0010259	multicellular organism aging	0.0044198605685892	36	MSH2,MSH6,ATM
GO:0051129	negative regulation of cellular component organization	0.00451159773986924	748	BRCA1,ATM,LMNA,DNM2,STXBP1,PEX5,TNFRSF1A,ACD,WAS,PRNP,DNMT1,SPTAN1,RAB7A,XRCC1,THOC2,MET,RAD50,KIF14,GBA,MKKS,ERCC1,ARHGDIA,SMAD4,PRKCD,TSC2,CTBP1,TBCD,TRIP12,PTEN,NBN,PPP3CA,AR,MAD2L2,CDT1
REAC:R-HSA-199418	Negative regulation of the PI3K/AKT network	0.00464023874236366	96	PTPN11,PIK3R2,INSR,MYD88,EGFR,AKT2,MET,LCK,PIP5K1C,PTEN,KIT
GO:0060147	regulation of posttranscriptional gene silencing	0.00471243062273466	114	STAT3,MAP2K2,MAP2K1,NUP133,NUP93,EGFR,NUP214,NUP205,NUP88,ADAR,ZMPSTE24,PPP3CA
GO:0060966	regulation of gene silencing by RNA	0.00471243062273466	114	STAT3,MAP2K2,MAP2K1,NUP133,NUP93,EGFR,NUP214,NUP205,NUP88,ADAR,ZMPSTE24,PPP3CA
GO:0045910	negative regulation of DNA recombination	0.00512183690539199	44	MSH2,MLH1,MSH6
GO:0072331	signal transduction by p53 class mediator	0.00530066030982012	268	BRCA1,MSH2,ATM,BRCA2,BRIP1,CSNK2A1,TAF6,BLM,ATR,WWOX,TAF13,CHD3,RAD50,EHMT1,CHD4,CRADD,ZMPSTE24,NBN
GO:0032392	DNA geometric change	0.00542027120495868	117	BRIP1,ERCC2,BLM,SETX,ERCC6,CHD3,RAD50,CHD1,MCM5,CHD4,PURA,NBN
GO:0014003	oligodendrocyte development	0.00577392251765184	47	GSTP1,ERCC2,SOX10,EIF2B5,MED12,SOX11,EIF2B4,PTEN
GO:0097435	supramolecular fiber organization	0.00578104502622575	693	TPM3,KRT17,BRAF,MECP2,NF1,TGFBR1,DSP,KRT9,KRT2,DYNC1H1,WAS,CEP120,CSNK1D,SPTAN1,ATP7A,CCDC88C,NF2,CIT,MET,COL1A1,MKKS,KRT71,SMAD4,PRKCD,BIN1,ARPC1B,TBCD,ACTC1,ACTN1,CUL3,TPM2,MAD2L2
REAC:R-HSA-69278	Cell Cycle, Mitotic	0.0057937572292618	527	CSNK2A1,GMNN,TUBA1A,DYNC1H1,CDK4,STAG1,TUBB,NUP133,NCAPD3,CSNK1D,NUP93,TUBB2A,SMC1A,AKT2,NUP214,NUP205,MCM5,PRKCB,PSMB8,POLE,YWHAG,NCAPH,NUP88
GO:0048290	isotype switching to IgA isotypes	0.00599520641182594	6	MSH2,MLH1
GO:0051402	neuron apoptotic process	0.00623820728697071	254	MSH2,ATM,BRAF,WFS1,MECP2,NF1,STXBP1,PIGT,PRNP,LIG4,AKT2,CIT,KIF14,HDAC4
GO:0070198	protein localization to chromosome, telomeric region	0.00628803808854222	30	ATM,BRCA2,ACD,DKC1,ATR
GO:1902532	negative regulation of intracellular signal transduction	0.00636768416751957	552	MFN2,ATM,GSTP1,STAT1,WFS1,NF1,NDUFS3,EPHA2,PIK3R2,SLC9A3R1,PRNP,HSPB1,MEN1,NF2,MET,CALM1,NPRL2,TRIM32,GBA,CALM2,CASP8,SMAD4,PRKCD,TSC2
GO:0120031	plasma membrane bounded cell projection assembly	0.00700962692829455	562	DNM2,ARMC4,HTT,TGFBR1,EPHA2,WDR35,TUBA1A,SLC9A3R1,DYNC1H1,WAS,CEP120,TUBB,CSNK1D,ATP7A,DNAL1,IFT140,HDAC4,PLEKHM1,IQCB1,MKKS,POC1A,BBS1,YWHAG,PRKCD
GO:0002204	somatic recombination of immunoglobulin genes involved in immune response	0.00711187350648645	49	MSH2,MLH1,MSH6
GO:0002208	somatic diversification of immunoglobulins involved in immune response	0.00711187350648645	49	MSH2,MLH1,MSH6
GO:0045190	isotype switching	0.00711187350648645	49	MSH2,MLH1,MSH6
GO:0000077	DNA damage checkpoint	0.00718988130956103	149	BRCA1,MSH2,ATM,PTPN11,BRIP1
GO:0070997	neuron death	0.00747148114876337	365	MSH2,ATM,BRAF,WFS1,MECP2,NF1,STXBP1,STAT3,TBK1,PIGT,PRNP,LIG4,AKT2,CIT,KIF14,HDAC4,GBA,CASP8,SOD1,HSPD1,STAMBP,DIABLO
REAC:R-HSA-187037	Signaling by NTRK1 (TRKA)	0.00800511297834249	77	BRAF,DNM2,STAT3,MAP2K2,PIK3R2,MAP2K1
GO:0045859	regulation of protein kinase activity	0.00802290316694481	802	BRAF,PTPN11,GSTP1,NF1,BLM,HTT,MAP2K2,TGFBR1,MALT1,MAP2K1,SLC9A3R1,CDK4,PRNP,HSPB1,MEN1,INSR,EGFR,ERCC6,NF2,ACTB,CALM1,LRP5,KIF14,GBA,CALM2,YWHAG,ADAR,PRKCD,TSC2,MAPKAPK3,EZH2
GO:0016239	positive regulation of macroautophagy	0.00857109401116682	68	MFN2,HSPB8,HTT,HUWE1,TBK1,VPS13C,VPS13D,TSC2,RAB3GAP2
REAC:R-HSA-4551638	SUMOylation of chromatin organization proteins	0.00867887775317274	66	NUP133,NUP93,NUP214,PHC1,CHD3,NUP205,HDAC4,NUP88,CBX2
GO:0000729	DNA double-strand break processing	0.0087427069260069	25	BRCA1,ATM,BRIP1,BLM
GO:0034605	cellular response to heat	0.00885143656817103	130	ATM,VCP,HSPB8,NF1,CAMK2B,ATR,NUP133,NUP93,NUP214,NUP205
GO:0016447	somatic recombination of immunoglobulin gene segments	0.00955685139155104	54	MSH2,MLH1,MSH6
GO:0043523	regulation of neuron apoptotic process	0.00974095019475344	223	MSH2,ATM,BRAF,WFS1,MECP2,NF1,STXBP1
REAC:R-HSA-5685942	HDR through Homologous Recombination (HRR)	0.0098153767204678	67	BRCA1,ATM,BRCA2,BRIP1,BLM,ATR,RAD50,POLE
GO:0031570	DNA integrity checkpoint	0.0102195341138978	160	BRCA1,MSH2,ATM,PTPN11,BRIP1
GO:1900034	regulation of cellular response to heat	0.0102410998726108	79	ATM,HSPB8,CAMK2B,ATR,NUP133,NUP93,NUP214,NUP205,NUP88
GO:0042552	myelination	0.0103228435760598	139	FIG4,ERCC2,NF1,SOX10,EIF2B5,AKT2,ABCD1,EIF2AK3,KIF14,EIF2B4,PTEN,HEXB,SOD1
GO:0032870	cellular response to hormone stimulus	0.0103707190838169	724	BRCA1,ATP1A3,PTPN11,GSTP1,BRIP1,STAT1,STAT3,PIK3R2,GJA1,FOXP1,FBN1,SOX10,CDK4,MEN1,INSR,NPC1,EGFR,AKT2,LPL,HDAC4,PRKCB,MKKS,YWHAG,PRKCD,PHIP,TSC2,CA2,PTEN,KIT,ATP1A1,AR,WBP2
GO:0030031	cell projection assembly	0.0104959612773496	575	DNM2,ARMC4,HTT,TGFBR1,EPHA2,WDR35,TUBA1A,SLC9A3R1,DYNC1H1,WAS,CEP120,TUBB,CSNK1D,ATP7A,DNAL1,IFT140,HDAC4,PLEKHM1,IQCB1,MKKS,POC1A,BBS1,YWHAG,PRKCD
GO:0009791	post-embryonic development	0.0108642340230199	89	ATM,MECP2,ERCC2,TGFBR1,SGPL1,FBN1,MYO1E,BCL11B,ERCC1,MYO7A
GO:0016973	poly(A)+ mRNA export from nucleus	0.0108901757067494	20	GLE1,NUP93,THOC2,NUP214,MCM3AP
GO:1990535	neuron projection maintenance	0.0112191804684662	10	ATP1A3,PRNP,INSR,ABCD1
GO:0002377	immunoglobulin production	0.0114508426732206	203	MSH2,MLH1,MSH6,ATM
GO:0051574	positive regulation of histone H3-K9 methylation	0.0114646694953594	13	BRCA1,LMNA,MECP2
GO:1902850	microtubule cytoskeleton organization involved in mitosis	0.0116376218638403	139	VCP,MECP2,WDR62,HTT,STIL,GJA1,DYNC1H1,STAG1,SMC1A,SBDS,POC1A,CLTC
GO:0071375	cellular response to peptide hormone stimulus	0.0121070778495101	334	PTPN11,GSTP1,BRIP1,STAT1,STAT3,PIK3R2,FBN1,CDK4,MEN1,INSR,AKT2,LPL,PRKCB,YWHAG,PRKCD,PHIP,TSC2,CA2,PTEN
GO:0002381	immunoglobulin production involved in immunoglobulin mediated immune response	0.0124976248446639	59	MSH2,MLH1,MSH6
GO:0032212	positive regulation of telomere maintenance via telomerase	0.0126483973302989	34	ATM,ACD,DKC1,ATR,PARN
GO:0006110	regulation of glycolytic process	0.0126731026883436	81	STAT3,ZBTB20,NUP133,INSR,NUP93,NUP214,NUP205,HDAC4,NUP88
REAC:R-HSA-6802952	Signaling by BRAF and RAF fusions	0.0129167197202034	64	BRAF,LMNA,MAP2K2,MAP2K1,CAMK2B,ACTB,CALM1,AGK
GO:0030099	myeloid cell differentiation	0.0131490154332343	426	PTPN11,STAT1,FLI1,NFKBIA,ERCC2,NF1,MYH9,STAT3,EPHA2,ALAS2,FOXP1,FBN1
GO:0007272	ensheathment of neurons	0.0131513860471427	142	FIG4,ERCC2,NF1,SOX10,EIF2B5,AKT2,ABCD1,EIF2AK3,KIF14,EIF2B4,PTEN,HEXB,SOD1
GO:0008366	axon ensheathment	0.0131513860471427	142	FIG4,ERCC2,NF1,SOX10,EIF2B5,AKT2,ABCD1,EIF2AK3,KIF14,EIF2B4,PTEN,HEXB,SOD1
GO:0018105	peptidyl-serine phosphorylation	0.0131732042426046	304	ATM,BRAF,CSNK2A1,MAP2K2,TGFBR1,TBK1,ATR,NSD1,CSNK1D,EGFR,ERCC6,AKT2,EIF2AK3,PRKCB,RPS6KA3,PRKCD,MAPKAPK3,PTEN
GO:0010639	negative regulation of organelle organization	0.013246143851311	414	BRCA1,ATM,LMNA,DNM2,ACD,WAS,DNMT1,SPTAN1,RAB7A,XRCC1,MET,RAD50,MKKS,ERCC1,SMAD4,PRKCD,TSC2,CTBP1,TBCD,TRIP12,NBN,MAD2L2,CDT1
GO:0006914	autophagy	0.0135582389715753	514	MFN2,ATM,VCP,HSPB8,CSNK2A1,STAT3,HTT,HUWE1,PIK3R2,TBK1,VPS13C,HSPB1,RAB7A,NPC1,EPG5,MET,NPRL2,VPS13D,PLEKHM1,GBA
GO:0061919	process utilizing autophagic mechanism	0.0135582389715753	514	MFN2,ATM,VCP,HSPB8,CSNK2A1,STAT3,HTT,HUWE1,PIK3R2,TBK1,VPS13C,HSPB1,RAB7A,NPC1,EPG5,MET,NPRL2,VPS13D,PLEKHM1,GBA
GO:0008285	negative regulation of cell population proliferation	0.0139209778899588	775	MFN2,ATM,BRCA2,LMNA,GSTP1,BRIP1,STAT1,NF1,STAT3,TGFBR1,MAP2K1,GJA1,SLC9A3R1,VHL,SOX10,SOX9,PRNP,MEN1,RBPJ
GO:0000086	G2/M transition of mitotic cell cycle	0.0139535049531564	258	BRCA1,ATM,DNM2,MECP2,BLM,TUBA1A,DYNC1H1,CDK4,TUBB,CSNK1D,CIT,KIF14,PSMB8,CALM2,YWHAG
REAC:R-HSA-5674499	Negative feedback regulation of MAPK pathway	0.0142296376594074	6	BRAF,MAP2K2,MAP2K1
GO:0035690	cellular response to drug	0.0143208141531061	448	BRCA1,BRAF,DNM2,MTR,BLM,SETX,UMPS,WDR35,SLC9A3R1,SOX10,CDK4,SOX9,PRNP
GO:0018209	peptidyl-serine modification	0.0143943788908739	327	ATM,BRAF,CSNK2A1,MAP2K2,TGFBR1,TBK1,ATR,NSD1,CSNK1D,EGFR,ERCC6,AKT2,EIF2AK3,PRKCB,RPS6KA3,PRKCD,MAPKAPK3,PTEN,POGLUT1,MAD2L2
GO:0001942	hair follicle development	0.0145223331828845	89	KRT17,ERCC2,NF1,SOX9,RBPJ,ATP7A,EGFR,KRT71,SMAD4,ZMPSTE24
GO:0044089	positive regulation of cellular component biogenesis	0.0152464129088741	543	ATM,BRAF,VCP,DNM2,MECP2,ERCC2,HTT,TGFBR1,EPHA2,DYNC1H1,WAS,CEP120,SOX9,ATR,ATP7A,RAB7A
GO:0051170	import into nucleus	0.0157326804146657	175	LMNA,NFKBIA,NF1,STAT3,PIK3R2,NUP133,NUP93,NUP214,TARDBP,NUP88,PRKCD,TSC2,PPP3CA,RAB23
GO:0060968	regulation of gene silencing	0.017067453180949	152	STAT3,MAP2K2,MAP2K1,NUP133,DNMT1,NUP93,EGFR,NUP214,NUP205,NUP88,ADAR,ZMPSTE24,PPP3CA
GO:0032206	positive regulation of telomere maintenance	0.0176716731446836	51	ATM,ACD,DKC1,ATR,PARN,RAD50,ERCC1,NBN
GO:0022404	molting cycle process	0.0178458418038734	91	KRT17,ERCC2,NF1,SOX9,RBPJ,ATP7A,EGFR,KRT71,SMAD4,ZMPSTE24
GO:0022405	hair cycle process	0.0178458418038734	91	KRT17,ERCC2,NF1,SOX9,RBPJ,ATP7A,EGFR,KRT71,SMAD4,ZMPSTE24
GO:0098773	skin epidermis development	0.0178458418038734	91	KRT17,ERCC2,NF1,SOX9,RBPJ,ATP7A,EGFR,KRT71,SMAD4,ZMPSTE24
GO:0048304	positive regulation of isotype switching to IgG isotypes	0.0178884619666026	10	MSH2,MLH1
GO:0031503	protein-containing complex localization	0.0179687877248571	291	ATM,DNM2,GLE1,WDR35,ATR,NUP133,NUP93,KIF5A,IFT140,THOC2,NUP214,MCM3AP,NUP205,STX7,UPF3B,NUP88
GO:0042303	molting cycle	0.0181934967662423	113	KRT17,ERCC2,NF1,KRT16,SOX9,RBPJ,ATP7A,EGFR,KRT71,SMAD4,ZMPSTE24
GO:0042633	hair cycle	0.0181934967662423	113	KRT17,ERCC2,NF1,KRT16,SOX9,RBPJ,ATP7A,EGFR,KRT71,SMAD4,ZMPSTE24
GO:1903146	regulation of autophagy of mitochondrion	0.0181934967662423	43	MFN2,HTT,HUWE1,VPS13C,VPS13D,GBA,TSC2
GO:0043010	camera-type eye development	0.0183215341983167	323	MFN2,NF1,TGFBR1,EPHA2,FBN1,LAMB2,CDK4,SOX9,IFT140,EGFR,GPD2,NF2,BCL11B,LRP5,SOX11,ACTL6A
GO:0045104	intermediate filament cytoskeleton organization	0.0188945364080368	50	KRT17,KRT16,DSP,KRT9,KRT2
GO:0032355	response to estradiol	0.0191027823081139	141	GSTP1,STXBP1,STAT3,GJA1,EGFR,COL1A1,CASP8,ARPC1B,EEF2,EZH2,DNMT3A,PTEN
GO:1901796	regulation of signal transduction by p53 class mediator	0.0192627197487878	181	BRCA1,ATM,BRIP1,CSNK2A1,TAF6,BLM,ATR,TAF13,CHD3,RAD50,EHMT1,CHD4,ZMPSTE24,NBN
GO:1904358	positive regulation of telomere maintenance via telomere lengthening	0.0194958300911272	37	ATM,ACD,DKC1,ATR,PARN
REAC:R-HSA-437239	Recycling pathway of L1	0.0195933801509772	48	DNM2,TUBA1A,TUBB2A,ACTB,RPS6KA3,CLTC,AP2S1,L1CAM
GO:0038114	interleukin-21-mediated signaling pathway	0.0198844847517068	8	STAT1,STAT3,IL2RG
GO:0098756	response to interleukin-21	0.0198844847517068	8	STAT1,STAT3,IL2RG
GO:0098757	cellular response to interleukin-21	0.0198844847517068	8	STAT1,STAT3,IL2RG
REAC:R-HSA-71403	Citric acid cycle (TCA cycle)	0.0204621693474609	22	FH,SDHB,ACO2,MDH2,IDH3B,SUCLA2
GO:0070482	response to oxygen levels	0.0205765307679011	400	ATM,LMNA,BRIP1,MECP2,ERCC2,NF1,AHCY,POLG,ALAS2,VHL,CDK4,RBPJ,ATP7A,XRCC1
GO:0001654	eye development	0.02073770522501	366	MFN2,NF1,STAT3,TGFBR1,EPHA2,FBN1,LAMB2,CDK4,SOX9,IFT140,EGFR,GPD2,NF2,BCL11B,LRP5,SOX11,ACTL6A
GO:0045103	intermediate filament-based process	0.0208609323564734	51	KRT17,KRT16,DSP,KRT9,KRT2
GO:0007169	transmembrane receptor protein tyrosine kinase signaling pathway	0.0212697201536142	744	PTPN11,STAT3,SETX,SGPL1,EPHA2,PIK3R2,SLC9A3R1,CDK4,SOX9,HSPB1,INSR,RBPJ,RAB7A,MYO1E,EGFR,AKT2,EIF2AK3,MET,ACTB,COL1A1,PRKCB,LCK,PRKCD,PHIP,TSC2,ARPC1B,MAPKAPK3,PTEN,RHBDF2,KIT,AR,AP2S1
GO:0070925	organelle assembly	0.0219484830499914	847	BRCA1,MFN2,MLH1,DNM2,WDR62,ARMC4,HTT,STIL,WDR35,TUBA1A,DYNC1H1,CEP120,STAG1,TUBB,CSNK1D,DNAL1,RAB7A,SMC1A,IFT140,NPRL2,SBDS,IQCB1,MKKS,STX7,POC1A,BBS1,YWHAG,SMAD4,RAB3GAP2,MYO7A,PTEN,ACTC1,CYLD,RAB23
GO:0016570	histone modification	0.0221718358313676	471	BRCA1,ATM,BRCA2,LMNA,MECP2,HUWE1,NSD1,MEN1,DNMT1,PHC1,MCM3AP,BAZ1A,HDAC4,PRKCB,EHMT1,ACTL6A,SMAD4,PRKCD,CTBP1,EZH2,TRIP12,ZMPSTE24,MED24,WBP2
GO:0045109	intermediate filament organization	0.0223340724586387	23	KRT17,DSP,KRT9,KRT2
GO:0030216	keratinocyte differentiation	0.02238823770499	301	KRT17,KRT6A,KRT12,KRT16,DSP,KRT9,EPHA2,KRT2,MAP2K1,KRT5,RBPJ,KRT10
REAC:R-HSA-186797	Signaling by PDGF	0.022557760539302	54	COL6A1,PTPN11,STAT1,STAT3,PIK3R2
GO:0007140	male meiotic nuclear division	0.0226093733196338	48	MLH1,ATM,BRCA2
GO:0032787	monocarboxylic acid metabolic process	0.0228788011811312	661	BRCA1,GSTP1,STAT3,SGPL1,PEX5,TNFRSF1A,PC,ZBTB20,ALDH3A2,NUP133,INSR,NUP93,ETFDH,NPC1,PCCB,AMACR,AKT2,ABCD1,NUP214,LPL,NUP205,HDAC4
GO:0045333	cellular respiration	0.023269321018386	192	VCP,MECP2,FH,NDUFS3,NDUFB3,ETFDH,GPD2,SDHB,ACO2,MDH2,COX6B1,IDH3B,ISCU,NDUFB9,SUCLA2
GO:0150063	visual system development	0.0239991936931587	370	MFN2,NF1,STAT3,TGFBR1,EPHA2,FBN1,LAMB2,CDK4,SOX9,IFT140,EGFR,GPD2,NF2,BCL11B,LRP5,SOX11,ACTL6A
GO:2001234	negative regulation of apoptotic signaling pathway	0.0249315738017031	236	BRCA1,LMNA,GSTP1,WFS1,CSNK2A1,HTT,TGFBR1,NDUFS3
GO:0010508	positive regulation of autophagy	0.0254722351994275	122	MFN2,HSPB8,HTT,HUWE1,TBK1,VPS13C,NPRL2,VPS13D,GBA,TSC2,RAB3GAP2
GO:1903046	meiotic cell cycle process	0.0255848742493211	193	MLH1,MSH6,ATM,BRCA2,BRIP1
GO:0002312	B cell activation involved in immune response	0.025757063301054	75	MSH2,MLH1,MSH6
GO:0060964	regulation of gene silencing by miRNA	0.0258889281601044	111	STAT3,MAP2K2,MAP2K1,NUP133,NUP93,EGFR,NUP214,NUP205,NUP88,ZMPSTE24,PPP3CA
GO:0042326	negative regulation of phosphorylation	0.0263081967366903	476	GSTP1,NF1,STAT3,PIK3R2,SLC9A3R1,PRNP,HSPB1,MEN1,NF2,CALM1,NPRL2,LRP5,HDAC4,TARDBP,GBA,CALM2,YWHAG,SMAD4,ADAR,PRKCD,TSC2
GO:0035270	endocrine system development	0.0279368156230116	131	BRAF,NF1,TGFBR1,MAP2K1,SOX9,MEN1,INSR,RBPJ,EIF2AK3
REAC:R-HSA-5683057	MAPK family signaling cascades	0.0280542619145856	276	BRAF,PTPN11,NF1,MAP2K2,IL2RG,MAP2K1,CAMK2B,HSPB1,SPTAN1,EGFR,MET,ACTB,CALM1
GO:2001236	regulation of extrinsic apoptotic signaling pathway	0.0282680438027563	158	BRCA1,LMNA,GSTP1,NF1,HTT,TGFBR1,WWOX,CASP8,PHIP,BMPR1B,PTEN,CYLD,AR
GO:0048880	sensory system development	0.0287327436469885	375	MFN2,NF1,STAT3,TGFBR1,EPHA2,FBN1,LAMB2,CDK4,SOX9,IFT140,EGFR,GPD2,NF2,BCL11B,LRP5,SOX11,ACTL6A
REAC:R-HSA-3371453	Regulation of HSF1-mediated heat shock response	0.0288609276312121	67	ATM,ATR,NUP133,NUP93,HSPA9,NUP214,NUP205,NUP88
GO:0043570	maintenance of DNA repeat elements	0.0291017604537254	7	MSH2,MSH6
GO:0051096	positive regulation of helicase activity	0.0291017604537254	7	MSH2,MSH6
GO:0038113	interleukin-9-mediated signaling pathway	0.0296736814771213	9	STAT1,STAT3,IL2RG
GO:0071355	cellular response to interleukin-9	0.0296736814771213	9	STAT1,STAT3,IL2RG
REAC:R-HSA-8985947	Interleukin-9 signaling	0.0296736814771213	9	STAT1,STAT3,IL2RG
GO:0044772	mitotic cell cycle phase transition	0.0296811866013176	598	BRCA1,ATM,DNM2,MECP2,ERCC2,BLM,GMNN,TUBA1A,DYNC1H1,CDK4,TUBB,CSNK1D,EGFR,CIT,KIF14,MCM5,PSMB8,POLE,CALM2,YWHAG,EZH2,PTEN,CRADD,NBN,PPP3CA,CUL3,MAD2L2,CDT1
GO:0002366	leukocyte activation involved in immune response	0.030276236175151	704	MSH2,MLH1,MSH6,VCP,GSTP1,STXBP1,STAT3,HUWE1,MALT1,DSP,DYNC1H1,FOXP1,TUBB,SPTAN1,GLA,ATP7A,RAB7A,LIG4
GO:0048302	regulation of isotype switching to IgG isotypes	0.0308666836420585	13	MSH2,MLH1
REAC:R-HSA-5684996	MAPK1/MAPK3 signaling	0.0311507386068921	237	BRAF,PTPN11,NF1,MAP2K2,IL2RG,MAP2K1,CAMK2B,SPTAN1,EGFR,MET,ACTB,CALM1,PSMB8
REAC:R-HSA-186763	Downstream signal transduction	0.031486045690884	26	PTPN11,STAT1,STAT3,PIK3R2
GO:0044839	cell cycle G2/M phase transition	0.0319832790910651	276	BRCA1,ATM,DNM2,MECP2,BLM,TUBA1A,DYNC1H1,CDK4,TUBB,CSNK1D,CIT,KIF14,PSMB8,CALM2,YWHAG
GO:0006261	DNA-dependent DNA replication	0.0323659308294097	152	BRCA2,BLM,GMNN,POLG,REV3L,SAMHD1,BAZ1A,MCM5,POLE,ZMPSTE24,PURA,NBN,CDT1
GO:1901526	positive regulation of mitophagy	0.0323659308294097	11	MFN2,HUWE1,VPS13C,VPS13D
GO:0002263	cell activation involved in immune response	0.0327506740572184	708	MSH2,MLH1,MSH6,VCP,GSTP1,STXBP1,STAT3,HUWE1,MALT1,DSP,DYNC1H1,FOXP1,TUBB,SPTAN1,GLA,ATP7A,RAB7A,LIG4
REAC:R-HSA-195258	RHO GTPase Effectors	0.0333132387754205	319	MYH9,TUBA1A,DYNC1H1,WAS,NUP133,MEN1,KIF5A,TUBB2A,NF2,CIT,ACTB,CALM1,KIF14,PRKCB,YWHAG,PRKCD,ARPC1B
GO:0043470	regulation of carbohydrate catabolic process	0.033724502640729	91	STAT3,ZBTB20,NUP133,INSR,NUP93,NUP214,NUP205,HDAC4,NUP88
GO:0045786	negative regulation of cell cycle	0.033953222248568	637	BRCA1,MSH2,ATM,PTPN11,BRIP1,TAF6,BLM,TGFBR1,GMNN,MAP2K1,SLC9A3R1,CDK4,ATR,PRNP,MEN1,EGFR,ERCC6,AKT2,PHC1,PSMB8,EHMT1,SOX11,BIN1,EZH2,PTEN,CRADD,NBN,MAD2L2,CDT1
GO:0097191	extrinsic apoptotic signaling pathway	0.0348486144005117	227	BRCA1,LMNA,GSTP1,NF1,HTT,TGFBR1,TNFRSF1A,WWOX,CASP8,PHIP,BMPR1B,PTEN,CRADD,CYLD,AR,DIABLO
GO:0033002	muscle cell proliferation	0.0352391142917889	242	MFN2,GSTP1,STAT1,STAT3,TGFBR1,GJA1,FOXP1,DNMT1,RBPJ,MYD88,EGFR
GO:1901524	regulation of mitophagy	0.0356235251742447	18	MFN2,HUWE1,VPS13C,VPS13D,TSC2
GO:0048291	isotype switching to IgG isotypes	0.035964583494958	14	MSH2,MLH1
REAC:R-HSA-5358606	Mismatch repair (MMR) directed by MSH2:MSH3 (MutSbeta)	0.035964583494958	14	MSH2,MLH1
GO:0048709	oligodendrocyte differentiation	0.0381922854221286	101	GSTP1,ERCC2,NF1,SOX10,SOX9,EIF2B5,MED12,SOX11,EIF2B4,PTEN
REAC:R-HSA-1059683	Interleukin-6 signaling	0.039454384808881	11	PTPN11,STAT1,STAT3
GO:0044770	cell cycle phase transition	0.039510544373954	642	BRCA1,ATM,DNM2,MECP2,ERCC2,BLM,GMNN,TUBA1A,DYNC1H1,CDK4,TUBB,CSNK1D,MEN1,EGFR,CIT,KIF14,MCM5,PSMB8,POLE,CALM2,YWHAG,EZH2,PTEN,CRADD,NBN,PPP3CA,CUL3,MAD2L2,CDT1
REAC:R-HSA-68886	M Phase	0.0400592116344645	385	CSNK2A1,TUBA1A,DYNC1H1,STAG1,TUBB,NUP133,NCAPD3,CSNK1D,NUP93,TUBB2A,SMC1A,NUP214,NUP205,PRKCB,PSMB8,YWHAG,NCAPH,NUP88
GO:0071104	response to interleukin-9	0.0421969096027015	10	STAT1,STAT3,IL2RG
REAC:R-HSA-9020958	Interleukin-21 signaling	0.0421969096027015	10	STAT1,STAT3,IL2RG
GO:1900542	regulation of purine nucleotide metabolic process	0.0422742982284397	120	VCP,STAT3,ZBTB20,NUP133,INSR,NUP93,NUP214,NUP205,HDAC4,NUP88
GO:2001235	positive regulation of apoptotic signaling pathway	0.0434411647728988	183	NF1,TGFBR1,WDR35,SLC9A3R1,WWOX,LCK,YWHAG,CASP8,PRKCD,BMPR1B,PTEN,CRADD,CYLD,SOD1
REAC:R-HSA-4570464	SUMOylation of RNA binding proteins	0.0437588847019733	43	NUP133,NUP93,NUP214,PHC1,NUP205,NUP88,CBX2
GO:1901214	regulation of neuron death	0.0438617792145607	327	MSH2,ATM,BRAF,WFS1,MECP2,NF1,STXBP1,STAT3
GO:0035019	somatic stem cell population maintenance	0.0441307168789797	77	BRAF,STAT3,FOXP1,SOX9,RBPJ,LIG4,LRP5,SMAD4,KIT
REAC:R-HSA-6802946	Signaling by moderate kinase activity BRAF mutants	0.044685403139416	45	BRAF,MAP2K2,MAP2K1,CAMK2B,ACTB,CALM1
REAC:R-HSA-6802949	Signaling by RAS mutants	0.044685403139416	45	BRAF,MAP2K2,MAP2K1,CAMK2B,ACTB,CALM1
REAC:R-HSA-6802955	Paradoxical activation of RAF signaling by kinase inactive BRAF	0.044685403139416	45	BRAF,MAP2K2,MAP2K1,CAMK2B,ACTB,CALM1
REAC:R-HSA-9649948	Signaling downstream of RAS mutants	0.044685403139416	45	BRAF,MAP2K2,MAP2K1,CAMK2B,ACTB,CALM1
REAC:R-HSA-159236	Transport of Mature mRNA derived from an Intron-Containing Transcript	0.0448330374254777	71	GLE1,NUP133,NUP93,THOC2,NUP214,NUP205,UPF3B,NUP88
GO:0048569	post-embryonic animal organ development	0.0448984497568533	17	FBN1,MYO1E,BCL11B,ERCC1,MYO7A
GO:0000075	cell cycle checkpoint	0.0472879418270777	219	BRCA1,MSH2,ATM,PTPN11,BRIP1
GO:0000723	telomere maintenance	0.0481551992243257	163	ATM,BRCA2,BLM,ACD,DKC1,ATR,PARN,XRCC1,RAD50,POLE,ERCC1
GO:0006140	regulation of nucleotide metabolic process	0.049071192691592	122	VCP,STAT3,ZBTB20,NUP133,INSR,NUP93,NUP214,NUP205,HDAC4,NUP88
