term.id,term.name,adjusted.p.val,term.size,overlap
GO:0000070,mitotic sister chromatid segregation,0.000855504835573362,158,CDK5RAP2|TPR|SMC1A|CENPF|CENPE|MAU2|CDCA8|SLF1|PDS5A|CUL3|KPNB1|NCAPG|ATRX|PRC1|SMC5|NCAPH2|RMDN1|TTK|CDC20|TACC3
GO:0000075,cell cycle checkpoint,1.48160643716168e-07,220,TOP2A|CDK5RAP2|TPR|CENPF|HRAS|NSUN2|TOP2B|PPP1R10|CNOT6|WDR76|SFN|NBN|CNOT1|TP53BP1|PML|ORC1|CCAR2|ATR|ERCC6|DLG1|TTK|WAC|CCND1|CDC20|STK33|CDK1|KNTC1|ARID3A|UIMC1|FBXO6|DDX39B|RPL24|USP28
GO:0000077,DNA damage checkpoint,0.0110516314001851,150,PPP1R10|CNOT6|WDR76|SFN|NBN|CNOT1|TP53BP1|PML|CCAR2|ATR|ERCC6|WAC|CCND1|STK33|CDK1|ARID3A|UIMC1|FBXO6|DDX39B|USP28
GO:0000226,microtubule cytoskeleton organization,3.04355686235876e-05,594,CEP295|DYNC1H1|ALMS1|ROCK2|SYNE2|HSPA1B|CDK5RAP2|TPR|SMC1A|BRCA2
GO:0000280,nuclear division,0.00043533877963947,424,MKI67|HSPA1B|TOP2A|CDK5RAP2|TPR|SMC1A|BRCA2|CENPF|TPX2|ASPM|TOP2B|SMC3|CENPE|TOM1L1|MAU2|CDCA8|SLF1|PDS5A|CUL3|KPNB1|NCAPG|ATRX|RPS6KA2|PRC1|SMC5|NCAPH2|TDRD9|RHOA|KIF20B|RMDN1|HSPA1A|TTK|CDC20|BMP4|TACC3|STAG2|KNTC1|TOM1L2
GO:0000723,telomere maintenance,4.71949422337056e-06,163,BRCA2|USP7|CCT8|SMC6|MAPK1|XRCC5|PPP1R10|NAT10|SMG1|TEP1|TERF2IP|PARN|NBN|ATRX|RPA1|SP100|SMC5|PML|CCT2|ATR|RFC1|PARP1|PARP3
GO:0000724,double-strand break repair via homologous recombination,0.0197073152857619,139,BRCA2|PARPBP|CDC7|POLQ|MCM5|TERF2IP|NBN|TP53BP1|RPA1|SMC5|EXD2|ERCC6|MCM4|MCM6|PARP1|MCM2|SPIDR
GO:0000725,recombinational repair,0.0240554765369833,141,BRCA2|PARPBP|CDC7|POLQ|MCM5|TERF2IP|NBN|TP53BP1|RPA1|SMC5|EXD2|ERCC6|MCM4|MCM6|PARP1|MCM2|SPIDR
GO:0000819,sister chromatid segregation,7.81526810008784e-05,189,TOP2A|CDK5RAP2|TPR|SMC1A|CENPF|TOP2B|SMC3|CENPE|MAU2|CDCA8|SLF1|PDS5A|CUL3|KPNB1|NCAPG|ATRX|PRC1|SMC5|NCAPH2|RMDN1|TTK|CDC20|TACC3|STAG2
GO:0006259,DNA metabolic process,1.80433236995353e-08,956,TOP2A|TRRAP|SMC1A|BRCA2|CENPF|GJA1|HUWE1|USP7|PARPBP|CCT8|SMC6|MAPK1|ZNF91|CDC7|POLQ|XRCC5|TOP2B|ALKBH1|SMC3|XAB2|PPP1R10|MCM5|MSH6|SLF1|PDS5A|NAT10|SMG1|DHX9|PTK2B|TEP1|TERF2IP|KPNB1|NSMCE3|APEX2|EMSY|PARN|SUPT16H|UBE2V2|NBN|TP53BP1|ATRX|RPA1|USP1|ASCC3|SP100|TRIM28|SMC5|BOD1L1|MTA2|EXD2|PML|ORC1|TDRD9|CCT2|ATR|ERCC6|ERCC2|JMY|DDB1|EZH2|NPLOC4|RFC1|ASCC2|MCM4|MCM6|PARP1|PIAS4|MCM2|PARP3|KMT5B|HMGB3|SPIDR|CDK1|UIMC1|FBXO6|DDX39B|VCP|USP47|DCTPP1|UHRF2|USP28|COPS2|ASCC1|PAK3
GO:0006260,DNA replication,0.00257597977392578,283,BRCA2|BAZ1A|HRAS|CDC7|POLQ|SMC3|MCM5|GMNN|PDS5A|DHX9|TTF1|TSPYL2|SUPT16H|NBN|RRM1|ATRX|RPA1|BOD1L1|EXD2|ORC1|ATR|E4F1|RFC1|MCM4|MCM6|MCM2|SIN3A|CDK1
GO:0006278,RNA-dependent DNA biosynthetic process,0.0215654224717892,71,CCT8|MAPK1|XRCC5|NAT10|TEP1|TERF2IP|PARN|RPA1|CCT2|ATR|RFC1
GO:0006281,DNA repair,1.37584006131393e-08,568,TRRAP|SMC1A|BRCA2|HUWE1|USP7|PARPBP|SMC6|CDC7|POLQ|XRCC5|ALKBH1|SMC3|XAB2|MCM5|MSH6|SLF1|PDS5A|SMG1|DHX9|TERF2IP|NSMCE3|APEX2|EMSY|SUPT16H|UBE2V2|NBN|TP53BP1|ATRX|RPA1|USP1|ASCC3|TRIM28|SMC5|BOD1L1|EXD2|PML|ATR|ERCC6|ERCC2|JMY|DDB1|NPLOC4|RFC1|ASCC2|MCM4|MCM6|PARP1|PIAS4|MCM2|PARP3|KMT5B|SPIDR|CDK1|UIMC1|FBXO6|VCP|USP47|USP28|COPS2|ASCC1
GO:0006302,double-strand break repair,0.0379610931177912,264,BRCA2|PARPBP|CDC7|POLQ|XRCC5|MCM5|SLF1|TERF2IP|UBE2V2|NBN|TP53BP1|RPA1|SMC5|EXD2|PML|ERCC6|MCM4|MCM6|PARP1|PIAS4|MCM2|PARP3|KMT5B|SPIDR
GO:0006310,DNA recombination,0.000753839313133457,296,TOP2A|BRCA2|PARPBP|SMC6|CDC7|POLQ|XRCC5|TOP2B|MCM5|MSH6|TEP1|TERF2IP|NSMCE3|APEX2|NBN|TP53BP1|RPA1|SMC5|EXD2|ERCC6|ERCC2|MCM4|MCM6|PARP1|MCM2|PARP3|KMT5B|HMGB3|SPIDR
GO:0006325,chromatin organization,0.0250494818966794,821,MKI67|TPR|TRRAP|KDM5A|BRCA2|MIS18BP1|HUWE1|USP7|KDM4B|BAZ1A|TADA1|SKI|MYB|DPF2|HCFC1|JARID2|TAF6|PRKAA1|BCOR|NFE2|ARID4B|TDRD3|PHF20|BAZ2B|EMSY|KDM5D|TSPYL2|SUPT16H|BRWD1|ATRX|CABIN1|CHD6|EZH1|ARID1A|TRIM28|MTA2|RNF40|ERCC6|DDB1|EZH2|SREBF1|WAC|TAF5|SOX9|PINK1|SMARCA4|MCM2|EID1|KMT5B|HMGB3|SIN3A|TADA2B|CDK1
GO:0006360,transcription by RNA polymerase I,0.0390322415165974,66,POLR1A|MTOR|UTP15|TTF1|POLR1B|ATF4|ERCC6|ERCC2|SMARCA4|RRN3|HEATR1
GO:0006396,RNA processing,0.0105547401281903,963,AHNAK|MDN1|AHNAK2|PRPF8|NOP56|SF3B2|UTP4|ADAR|RBM39|NSUN2|SUGP2|SLU7|SSB|ALKBH1|UTP15|INTS4|ZC3H7B|SF3A3|HTATSF1|XAB2|SF3B3|PABPC4|NAT10|DHX9|TRMT1L|WDR3|DDX5|RBM12|RBM15|PARN|USP4|PRPF6|ELP3|POLDIP3|CWF19L1|ARL6IP4|CCAR2|RNF40|ERCC2|DDX47|ECD|CDK11B|ZC3H14|TSEN54|HSPA1A|RRP12|CASC3|BMP4|SF3B1|HEATR1|NCBP1|FAM207A|ELAVL2|ZMAT2|FRG1|NOL6|BICD1|CDKAL1|RSL1D1|KTI12|RCL1|DDX39B|UTP14A|SARNP|CMTR1
GO:0006403,RNA localization,0.00130610096583573,239,TPR|CCT8|GLE1|NSUN2|RANBP2|SLU7|SSB|NUP205|FYTTD1|SMG1|DHX9|G3BP2|PARN|NUP85|BICD2|PRPF6|POLDIP3|CCT2|ATR|NUP153|NUP93|CASC3|NCBP1|NOL6|BICD1|DDX39B|SARNP|MAGOH|NUP62
GO:0006405,RNA export from nucleus,0.00343132377570309,144,TPR|GLE1|NSUN2|RANBP2|SLU7|SSB|NUP205|FYTTD1|SMG1|DHX9|NUP85|POLDIP3|NUP153|NUP93|CASC3|NCBP1|NOL6|DDX39B|SARNP|MAGOH|NUP62
GO:0006406,mRNA export from nucleus,0.00629892476854361,113,TPR|GLE1|NSUN2|RANBP2|SLU7|NUP205|FYTTD1|SMG1|NUP85|POLDIP3|NUP153|NUP93|CASC3|NCBP1|DDX39B|SARNP|MAGOH|NUP62
GO:0006511,ubiquitin-dependent protein catabolic process,6.0569804523837e-06,648,RNF213|HSPA1B|OS9|UBR3|HUWE1|USP7|USP34|NEDD4L|ANKIB1|WWP2|FEM1C|USP11|BIRC6|UBR4|TOM1L1|TTC3|PTK2B|CUL3|TMEM129|USP5|UBE2V2|USP4|FAF2|USP1|GCLC|BIRC2|HSPA5|UBA6|MAPK9|PSMB4|UBE3B|UBE2Z|PML|PSMD12|CCAR2|RNF40|DDB1|NPLOC4|HSPA1A|WAC|DNAJB12|PINK1|PYHIN1|CDC20|DISC1|PSMD4|UCHL1|CDK1|FBXO6|VCP|TRIB3|USP48|USP47|RFFL|ARRDC1|USP28|UBE2S|PARK7|PSME3|PSMB1|PSMB10
GO:0006606,protein import into nucleus,0.000389676470616237,154,TPR|MAPK1|RANBP2|RGPD3|JUP|RGPD4|RGPD1|PPP1R10|KPNA3|KPNB1|ECT2|NUP85|RGPD2|TRIM28|PML|MED1|NUP153|NUP93|BMP4|IPO13|CDK1
GO:0006607,NLS-bearing protein import into nucleus,0.000967847081777249,20,RANBP2|RGPD3|RGPD4|RGPD1|KPNA3|KPNB1|RGPD2
GO:0006611,protein export from nucleus,0.0155475627050583,184,TPR|GLE1|NSUN2|RANBP2|SLU7|SSB|NUP205|FYTTD1|SMG1|SFN|NUP85|POLDIP3|SP100|NUP153|NUP93|CASC3|NCBP1|NOL6|DDX39B|SARNP|PARK7|MAGOH|NUP62
GO:0006753,nucleoside phosphate metabolic process,0.00880076360257709,546,FASN|TPR|GART|ACSL3|MAPK1|RANBP2|NAMPT|ADCY3|NUP205|PRKAA1|PGK2|PFKM|ARNT|PDPR|ASMTL|DLAT|NUP85|RRM1|OXSM|GAPDH|HIF1A|RHOA|DLG1|GMPS|PGAM1|NUP153|PDE7A|NUP93|PINK1|PARP1|HPCA|SCD5|ENO3|ADAL|MPP1|PANK1|ABCD1|PAICS|VCP|PDE8B|DCTPP1|NT5C3B|ATIC|GNAI3|SHMT1|PARK7|NUP62
GO:0006913,nucleocytoplasmic transport,6.03295103941108e-06,359,TPR|AKAP13|GLE1|NSUN2|MAPK1|RANBP2|RGPD3|SLU7|JUP|SSB|NUP205|RGPD4|RGPD1|PPP1R10|FYTTD1|SMG1|DHX9|KPNA3|SFN|KPNB1|ECT2|NUP85|POLDIP3|SP100|RGPD2|TRIM28|PML|MED1|NUP153|MALT1|NUP93|CASC3|BMP4|NCBP1|IPO13|NOL6|CDK1|DDX39B|SARNP|PARK7|MAGOH|NUP62
GO:0006914,autophagy,0.000374121335384704,537,SOGA1|MTOR|PIK3C2B|EPG5|HUWE1|VPS13C|NAMPT|WDR41|TECPR1|SUPT20H|PRKAA1|SPTLC1|WDR6|SREBF2|RAB7A|SMG1|RAB3GAP2|PGAM5|TRIM8|PIK3R4|RUBCN|NBR1|EXOC8|SPTLC2|RNF41|ATP6V0A2|PIK3C2A|GAPDH|MFN2|RAB24|HIF1A|SREBF1|NPRL2|WAC|PINK1|UCHL1|TRIM11|DYNLL2|PIKFYVE|ATP6V1D|TBC1D17|VCP|TRIB3|ATP6V0D1|TBC1D25|GNAI3|CSNK2B|DHRSX|PARK7|TAB2
GO:0006974,cellular response to DNA damage stimulus,2.58232822813819e-09,881,TOP2A|TRRAP|SMC1A|BRCA2|HUWE1|USP7|PARPBP|SMC6|MAPK1|CDC7|POLQ|XRCC5|ALKBH1|SMC3|XAB2|PPP1R10|MCM5|MSH6|SLF1|PDS5A|SMG1|DHX9|DDX5|CNOT6|TERF2IP|WDR76|SFN|NSMCE3|APEX2|EMSY|SUPT16H|UBE2V2|NBN|CNOT1|TP53BP1|ATRX|RPA1|USP1|ASCC3|SP100|UBA6|TRIM28|SMC5|BOD1L1|MAPKAPK2|EXD2|PML|CCAR2|ATR|ERCC6|ERCC2|JMY|DDB1|NPLOC4|RFC1|WAC|ASCC2|MCM4|PYHIN1|MCM6|PARP1|PIAS4|CCND1|MCM2|PARP3|KMT5B|STK33|SPIDR|SGK1|CDK1|ARID3A|UIMC1|FBXO6|DDX39B|VCP|USP47|USP28|AEN|COPS2|DYRK3|ASCC1
GO:0007017,microtubule-based process,6.70295509364767e-07,864,CEP295|DYNC1H1|ALMS1|ROCK2|SYNE2|HSPA1B|CDK5RAP2|TPR|SMC1A|BRCA2|RASGRP1|GJA1|KIF27|TPX2|ASPM|KIF7|DNAH14|HAUS2|ADCY3|IFT172|SMC3|CENPE|TMEM201|PRKAA1|DNAAF5|PGK2|IFT140|SDCCAG8|KIF13A|KPNB1|KIF24|BICD2|ATRX|KLC1|PRC1|ARMC4|BNIP2|DCTN1|GAPDH|STMN1|HIF1A|RHOA|SPG11|DLG1|KIF20B|RMDN1|HSPA1A|TUBGCP5|TTK|PARD3|LRRC49|DST|BBS2|WDR19|CDC20|TUBB|PARP3|DISC1|UCHL1|TACC3|STAG2|BICD1|CDK1|IFT122|CEP135|KIF15|DYNLL2|AP3S1|SLC9B2|KIF11|VCP
GO:0007018,microtubule-based movement,0.00603478235575742,376,DYNC1H1|SYNE2|RASGRP1|KIF27|KIF7|DNAH14|ADCY3|IFT172|CENPE|TMEM201|DNAAF5|PGK2|IFT140|KIF13A|KPNB1|KIF24|BICD2|KLC1|ARMC4|DCTN1|HIF1A|SPG11|KIF20B|DST|BBS2|WDR19|UCHL1|BICD1|IFT122|KIF15|DYNLL2|AP3S1|SLC9B2|KIF11
GO:0007051,spindle organization,4.58687270876433e-06,183,DYNC1H1|HSPA1B|TPR|SMC1A|TPX2|ASPM|HAUS2|SMC3|CENPE|KPNB1|ATRX|PRC1|DCTN1|STMN1|RHOA|DLG1|RMDN1|HSPA1A|TUBGCP5|TTK|CDC20|TUBB|PARP3|TACC3|STAG2|KIF11|VCP
GO:0007052,mitotic spindle organization,1.01295038551856e-05,117,DYNC1H1|HSPA1B|TPR|SMC1A|TPX2|SMC3|CENPE|KPNB1|PRC1|DCTN1|STMN1|RHOA|RMDN1|HSPA1A|TTK|CDC20|PARP3|TACC3|STAG2|KIF11|VCP
GO:0007059,chromosome segregation,0.00605494514605353,328,MKI67|DYNC1H1|TOP2A|CDK5RAP2|TPR|SMC1A|CENPF|SMC6|TOP2B|SMC3|CENPE|MAU2|CDCA8|SLF1|PDS5A|CUL3|KPNB1|NCAPG|ECT2|ATRX|PRC1|SMC5|NCAPH2|ERCC2|RMDN1|TTK|CDC20|TACC3|STAG2|PMF1
GO:0007064,mitotic sister chromatid cohesion,0.0298735839834825,23,SMC1A|MAU2|SLF1|PDS5A|ATRX|SMC5|CDC20
GO:0007088,regulation of mitotic nuclear division,0.0169311722063287,165,MKI67|HSPA1B|CDK5RAP2|TPR|CENPF|CENPE|TOM1L1|SLF1|CUL3|ATRX|SMC5|KIF20B|HSPA1A|TTK|CDC20|BMP4|TACC3|KNTC1|TOM1L2|KIF11
GO:0007093,mitotic cell cycle checkpoint,0.00289696146257704,169,TOP2A|CDK5RAP2|TPR|CENPF|HRAS|TOP2B|PPP1R10|CNOT6|SFN|NBN|CNOT1|PML|ORC1|DLG1|TTK|CCND1|CDC20|STK33|CDK1|KNTC1|ARID3A|RPL24
GO:0007098,centrosome cycle,0.00780775071984772,126,CEP295|ALMS1|ROCK2|CDK5RAP2|BRCA2
GO:0007346,regulation of mitotic cell cycle,5.30346097098351e-10,665,MKI67|DYNC1H1|ALMS1|IQGAP1|HSPA1B|TOP2A|CDK5RAP2|TPR|BRCA2|CENPF|TPX2|YTHDC2|HRAS|CDC7|CCND2|TOP2B|HAUS2|CENPE|PPP1R10|ZFP36L2|TOM1L1|SLF1|CUL3|CNOT6|SDCCAG8|SFN|NBN|CNOT1|ATRX|PSMB4|SMC5|DCTN1|PML|PSMD12|ORC1|ERCC2|DLG1|KIF20B|ADAM17|DDB1|EZH2|E4F1|ECD|CDK11B|RDX|HSPA1A|TTK|CCND1|AVEN|CDC20|TUBB|PARP3|BMP4|PSMD4|STK33|TACC3|SIN3A|CDK1|KNTC1|TOM1L2|CEP135|ARID3A|KIF11|USP47|RPL24|KCNH5|PCM1|PSME3|PSMB1|PSMB10|NUP62
GO:0007623,circadian rhythm,0.0344085304986882,221,ROCK2|TOP2A|KDM5A|MTOR|HUWE1|USP7|MYBBP1A|NAMPT|PPP1CA|PRKAA1|JUND|ATF4|MYCBP2|MAPK9|PML|CCAR2|DDB1|EZH2|SREBF1
GO:0009117,nucleotide metabolic process,0.00578954842108288,538,FASN|TPR|GART|ACSL3|MAPK1|RANBP2|NAMPT|ADCY3|NUP205|PRKAA1|PGK2|PFKM|ARNT|PDPR|ASMTL|DLAT|NUP85|RRM1|OXSM|GAPDH|HIF1A|RHOA|DLG1|GMPS|PGAM1|NUP153|PDE7A|NUP93|PINK1|PARP1|HPCA|SCD5|ENO3|ADAL|MPP1|PANK1|ABCD1|PAICS|VCP|PDE8B|DCTPP1|NT5C3B|ATIC|GNAI3|SHMT1|PARK7|NUP62
GO:0009150,purine ribonucleotide metabolic process,0.0377585882675491,407,FASN|TPR|GART|ACSL3|RANBP2|ADCY3|NUP205|PRKAA1|PGK2|PFKM|ARNT|PDPR|DLAT|NUP85|OXSM|GAPDH|HIF1A|RHOA|DLG1|GMPS|PGAM1|NUP153|PDE7A|NUP93|PINK1|PARP1|SCD5|ENO3|MPP1|PANK1|ABCD1|PAICS|VCP|PDE8B|ATIC|GNAI3|NUP62
GO:0009408,response to heat,0.00267701955996573,172,HSPA1B|TPR|MTOR|MAPK1|RANBP2|SLU7|NUP205|NUP85|RPA1|GCLC|MYOF|MAPKAPK2|CCAR2|ATR|NUP153|HSPA1A|HSPA6|NUP93|EIF2B1
GO:0009896,positive regulation of catabolic process,2.41316619204118e-05,461,ROCK2|HSPA1B|GJA1|HUWE1|NEDD4L|VPS13C|ANKIB1|WWP2|ZFP36L2|PRKAA1|SPTLC1|RAB7A|PTK2B|ARNT|RAB3GAP2|USP5|TRIM8|UBE2V2|CNOT1|GCLC|SPTLC2|RNF41|MAPK9|PIK3C2A|MFN2|HIF1A|RNF40|DDB1|RDX|HSPA1A|NPRL2|WAC|SOX9|PINK1|PYHIN1|NRDC|CDC20|ZC3HAV1|DISC1|PRR5L
GO:0010389,regulation of G2/M transition of mitotic cell cycle,0.00177126693739622,202,DYNC1H1|ALMS1|CDK5RAP2|CENPF|TPX2|CDC7|HAUS2|SDCCAG8|NBN|PSMB4|DCTN1|PSMD12|ORC1|CCND1|AVEN|TUBB|PSMD4|SIN3A|CDK1|CEP135|USP47|KCNH5|PCM1|PSME3|PSMB1|PSMB10
GO:0010498,proteasomal protein catabolic process,0.0329437268101442,488,HSPA1B|OS9|UBR3|HUWE1|USP7|NEDD4L|ANKIB1|WWP2|CUL3|TMEM129|USP5|UBE2V2|FAF2|GCLC|BIRC2|HSPA5|RNF41|MAPK9|PSMB4|PML|PSMD12|CCAR2|RNF40|DDB1|NPLOC4|HSPA1A|WAC|DNAJB12|PINK1|CDC20|PSMD4|UCHL1|CDK1|FBXO6|VCP|TRIB3|RFFL|UBE2S|PARK7|PSME3|PSMB1|PSMB10
GO:0010506,regulation of autophagy,0.00297841334547545,350,SOGA1|MTOR|HUWE1|VPS13C|NAMPT|WDR41|PRKAA1|SPTLC1|WDR6|SREBF2|SMG1|RAB3GAP2|TRIM8|RUBCN|EXOC8|SPTLC2|RNF41|ATP6V0A2|PIK3C2A|GAPDH|MFN2|HIF1A|SREBF1|NPRL2|WAC|PINK1|UCHL1|PIKFYVE|ATP6V1D|TRIB3|ATP6V0D1|TBC1D25|GNAI3|DHRSX|PARK7|TAB2
GO:0010564,regulation of cell cycle process,5.47005249463235e-10,788,CEP295|MKI67|DYNC1H1|ALMS1|ROCK2|HSPA1B|SND1|CDK5RAP2|TPR|BRCA2|CENPF|TPX2|MYBBP1A|CDC7|CCND2|HAUS2|CENPE|BIRC6|PPP1R10|ZFP36L2|TOM1L1|SLF1|CUL3|CNOT6|SDCCAG8|KIF13A|SFN|ECT2|PIK3R4|NBN|CNOT1|ATRX|RPS6KA2|PRC1|GIT1|PSMB4|SMC5|DCTN1|PML|PSMD12|ORC1|RHOA|ERCC2|KIF20B|ADAM17|DDB1|EZH2|E4F1|MED1|ECD|RDX|HSPA1A|TTK|SOX9|CCND1|AVEN|CDC20|TUBB|PARP3|BMP4|PSMD4|TACC3|SIN3A|CDK1|KNTC1|TOM1L2|CEP135|ARID3A|UIMC1|KIF11|USP47|UHRF2|KCNH5|DYRK3|PCM1|PSME3|PSMB1|PSMB10|NUP62
GO:0010638,positive regulation of organelle organization,3.56695354333943e-06,641,CEP295|DYNC1H1|ROCK2|HSPA1B|CDK5RAP2|TPR|MTOR|HUWE1|CYFIP1|CCT8|HRAS|MAPK1|VPS13C|XRCC5|MYB|JARID2|PPP1R10|PRKAA1|RICTOR|SLF1|SREBF2|PTK2B|CUL3|RAB3GAP2|G3BP2|CNOT6|SFN|PARN|NBN|CNOT1|ATRX|TRIM28|MAPK9|SMC5|DCTN1|PML|MFN2|HIF1A|CCT2|ATR|RHOA|RNF40|DLG1|JMY
GO:0010639,negative regulation of organelle organization,0.00288188913676504,419,TOP2A|CDK5RAP2|TPR|KDM5A|CENPF|HUWE1|TPX2|KDM4B|SKI|XRCC5|CAPZA1|JARID2|TOM1L1|BCOR|RAB7A|NAT10|TERF2IP|NBN|ATRX|RPS6KA2|GCLC|RNF41|SPTAN1|STMN1|RDX|HSPA1A|TTK|PINK1|PARP1|CDC20|MCM2|BMP4|CORO1A|SIN3A|TOM1L2|TCHP
GO:0010824,regulation of centrosome duplication,0.00125216336197792,44,CEP295|ALMS1|ROCK2|CDK5RAP2
GO:0016032,viral process,1.87729620555244e-09,927,ROCK2|IQGAP1|DOCK2|HSPA1B|SND1|TOP2A|TPR|DDX6|USP7|YTHDC2|SF3B2|NEDD4L|ADAR|MAPK1|RANBP2|XRCC5|TOP2B|SSB|NUP205|HCFC1|ZC3H7B|PPP1CA|WWP2|PI4KA|USP11|HTATSF1|UBR4|MSH6|RICTOR|RAB7A|DHX9|DDX5|KPNA3|HLA-B|G3BP2|ELMO1|SLC1A5|KPNB1|RBM15|TRIM8|AP2M1|SUPT16H|NUP85|NBN|KLC1|CHD6|SP100|NFX1|TRIM28|PSMB4|RPL18|PML|RPLP1|RHOA|ERCC2|DLG1|DDB1|CANX|E4F1|NUP153|EIF3A|HLA-A|HSPA1A|PI4KB|TAF5|DNAJB12|NUP93
GO:0016071,mRNA metabolic process,0.000360120049114178,872,ROCK2|HSPA1B|MTOR|DDX6|PRPF8|SF3B2|TTC37|ADAR|RBM39|NSUN2|SUGP2|SLU7|SSB|SF3A3|HTATSF1|XAB2|ZFP36L2|SF3B3|PABPC4|SMG1|DHX9|NBAS|DDX5|CNOT6|RBM15|ATF4|PARN|USP4|EDC4|PRPF6|CNOT1|POLDIP3|CWF19L1|PSMB4|MAPKAPK2|RPL18|ARL6IP4|PSMD12|RPLP1|CCAR2|RNF40|ERCC2|DDX47|SREBF1|MED1|ECD|CDK11B|ZC3H14|TSEN54|HSPA1A|CASC3|ZC3HAV1|SF3B1|PSMD4|NCBP1|PRR5L|ELAVL2|ZMAT2|FRG1
GO:0016236,macroautophagy,0.000639936698912272,308,MTOR|PIK3C2B|EPG5|HUWE1|VPS13C|TECPR1|PRKAA1|SPTLC1|RAB7A|SMG1|RAB3GAP2|PGAM5|PIK3R4|RUBCN|NBR1|EXOC8|SPTLC2|RNF41|ATP6V0A2|GAPDH|MFN2|HIF1A|NPRL2|WAC|PINK1|UCHL1|DYNLL2|PIKFYVE|ATP6V1D|VCP|ATP6V0D1|TBC1D25|GNAI3|CSNK2B
GO:0016241,regulation of macroautophagy,0.00115198304455088,176,MTOR|HUWE1|VPS13C|PRKAA1|SPTLC1|SMG1|RAB3GAP2|RUBCN|EXOC8|SPTLC2|RNF41|ATP6V0A2|GAPDH|MFN2|HIF1A|NPRL2|WAC|PINK1|UCHL1|PIKFYVE|ATP6V1D|ATP6V0D1|TBC1D25|GNAI3
GO:0016567,protein ubiquitination,0.00454971076448776,884,RNF213|HSPA1B|MTOR|OS9|UBR3|HUWE1|USP7|NEDD4L|ANKIB1|WWP2|FEM1C|BIRC6|UBR4|TTC3|BCOR|CUL3|TMEM129|USP5|NSMCE3|TRIM8|MYCBP2|UBE2V2|USP4|GCLC|BIRC2|NFX1|HSPA5|RNF41|UBA6|TRIM28|MAPK9|PSMB4|UBE3B|UBE2Z|PML|PSMD12|HIF1A|RNF40|KCTD9|DDB1|E4F1|MED1|MALT1|HLA-A|HSPA1A|WAC|PINK1|CDC20|DTX1|MED10|PSMD4|DCAF6|HERC4|TRIM11|FBXO6|VCP|TRIB3|RFFL|WDSUB1|UHRF2|ARRDC1|RNF123|UBE2S|PARK7|PSME3|PSMB1|PSMB10
GO:0016579,protein deubiquitination,0.0238304952969285,290,TRRAP|USP7|USP34|HCFC1|USP11|USP5|USP4|USP1|BIRC2|PSMB4|PSMD12|HIF1A|RHOA|CDC20|PSMD4|UCHL1|TADA2B|CDK1|UIMC1|OTUD1|VCP|USP48|USP47|USP28|RNF123|SHMT1|PARK7|PSME3|PSMB1|PSMB10
GO:0017038,protein import,0.00282700024607019,203,TPR|MAPK1|RANBP2|RGPD3|JUP|RGPD4|RGPD1|PPP1R10|KPNA3|KPNB1|PEX16|ECT2|NUP85|RGPD2|TRIM28|PML|MED1|NUP153|NUP93|BMP4|IPO13|PDCD5|CDK1
GO:0018205,peptidyl-lysine modification,0.0110190826241456,415,TPR|TRRAP|BRCA2|KDM4B|BAZ1A|VPS33B|TADA1|RANBP2|MYB|DPF2|NUP205|HCFC1|VIPAS39|JARID2|PRKAA1|BCOR|ARNT|ARID4B|PHF20|NUP85|ATRX|EZH1|TRIM28|SMC5|EZH2|NUP153|TAF5|NUP93|PIAS4|DHPS|EID1|KMT5B|SIN3A|TADA2B
GO:0019058,viral life cycle,0.00384185638671221,345,ROCK2|HSPA1B|TOP2A|TPR|DDX6|YTHDC2|NEDD4L|ADAR|RANBP2|TOP2B|NUP205|WWP2|PI4KA|HTATSF1|RAB7A|DDX5|KPNA3|SLC1A5|KPNB1|TRIM8|NUP85|TRIM28|PML|DDB1|NUP153|HSPA1A|NUP93|EEA1|ZC3HAV1|TRIM11|CDK1|PIKFYVE
GO:0019941,modification-dependent protein catabolic process,9.23660593871319e-06,655,RNF213|HSPA1B|OS9|UBR3|HUWE1|USP7|USP34|NEDD4L|ANKIB1|WWP2|FEM1C|USP11|BIRC6|UBR4|TOM1L1|TTC3|PTK2B|CUL3|TMEM129|USP5|UBE2V2|USP4|FAF2|USP1|GCLC|BIRC2|HSPA5|UBA6|MAPK9|PSMB4|UBE3B|UBE2Z|PML|PSMD12|CCAR2|RNF40|DDB1|NPLOC4|HSPA1A|WAC|DNAJB12|PINK1|PYHIN1|CDC20|DISC1|PSMD4|UCHL1|CDK1|FBXO6|VCP|TRIB3|USP48|USP47|RFFL|ARRDC1|USP28|UBE2S|PARK7|PSME3|PSMB1|PSMB10
GO:0022613,ribonucleoprotein complex biogenesis,0.000656331544464056,442,MDN1|PRPF8|MYBBP1A|NOP56|UTP4|ADAR|EIF3CL|EIF3C|XRCC5|SLU7|UTP15|SF3A3|XAB2|ZNF658|GTPBP10|NAT10|DHX9|WDR3|DHX29|USP4|PRPF6|EIF2S3|DHX30|ATR|ERCC2|DDX47|EIF3A|RRP12|RRN3|SF3B1|HEATR1|NCBP1|FAM207A|FRG1|NOL6|RSL1D1|RCL1|DDX39B|UTP14A|RPL24|EIF3J
GO:0022618,ribonucleoprotein complex assembly,0.0350708714853763,195,MDN1|PRPF8|ADAR|EIF3CL|EIF3C|XRCC5|SLU7|SF3A3|XAB2|DHX9|DHX29|USP4|PRPF6|EIF2S3|DHX30|ATR|EIF3A|SF3B1|NCBP1|DDX39B|RPL24|EIF3J
GO:0030163,protein catabolic process,0.000315953428165373,965,RNF213|HSPA1B|MTOR|GJA1|OS9|UBR3|HUWE1|USP7|USP34|NEDD4L|ANKIB1|WWP2|FEM1C|USP11|BIRC6|UBR4|SF3B3|TOM1L1|TTC3|RAB7A|PTK2B|ABHD17A|CUL3|TMEM129|USP5|AP2M1|MYCBP2|UBE2V2|USP4|FAF2|USP1|GCLC|BIRC2|HSPA5|RNF41|UBA6|MAPK9|PSMB4|UBE3B|UBE2Z|PML|PSMD12|CCAR2|RNF40|DDB1|NPLOC4|CAPN2|RDX|HSPA1A|WAC|DNAJB12|SOX9|PINK1|PYHIN1|NRDC|CDC20|DISC1|PSMD4|UCHL1|CDK1|CASP8|FBXO6|VCP|TRIB3|USP48|USP47|RFFL|ARRDC1|USP28|RNF123|UBE2S|PARK7|PSME3|PSMB1|PSMB10
GO:0030705,cytoskeleton-dependent intracellular transport,0.0168645846572517,202,DYNC1H1|SYNE2|RASGRP1|MYO5C|IFT172|TMEM201|IFT140|KIF13A|BICD2|DCTN1|HIF1A|SPG11|MYO10|ACTN4|DST|WDR19|TUBB|UCHL1|BICD1|IFT122|DYNLL2|AP3S1|SOD1|PCM1
GO:0031023,microtubule organizing center organization,0.0122472878860826,138,CEP295|ALMS1|ROCK2|CDK5RAP2|BRCA2
GO:0031329,regulation of cellular catabolic process,5.03315442121782e-07,881,ROCK2|SOGA1|HSPA1B|MTOR|OS9|HUWE1|USP7|NSUN2|VPS13C|NAMPT|WDR41|ANKIB1|PPP1CA|ZFP36L2|PRKAA1|SPTLC1|WDR6|PABPC4|SREBF2|SMG1|DHX9|PTK2B|ARNT|NBAS|RAB3GAP2|USP5|TRIM8|PARN|UBE2V2|RUBCN|CNOT1|EXOC8|GCLC|SPTLC2|RNF41|MAPK9|PSMB4|ATP6V0A2|MAPKAPK2|PIK3C2A|GAPDH|PML|MFN2|PSMD12|HIF1A|CCAR2|RNF40|PGAM1|SREBF1|ZC3H14|RDX|HSPA1A|NPRL2|WAC|PINK1|PYHIN1|NRDC|CDC20|ZC3HAV1|DISC1|PSMD4|PRR5L|UCHL1|PIKFYVE|ATP6V1D|ABCD1|VCP|TRIB3|ATP6V0D1|TBC1D25|CPT1A|GNAI3|DHRSX|PARK7|PSME3|PSMB1|PSMB10|TAB2
GO:0031331,positive regulation of cellular catabolic process,0.000684827942102029,395,ROCK2|HSPA1B|HUWE1|VPS13C|ANKIB1|ZFP36L2|PRKAA1|SPTLC1|PTK2B|ARNT|RAB3GAP2|USP5|TRIM8|UBE2V2|CNOT1|GCLC|SPTLC2|MAPK9|PIK3C2A|MFN2|HIF1A|RNF40|RDX|HSPA1A|NPRL2|WAC|PINK1|PYHIN1|NRDC|CDC20|ZC3HAV1|DISC1|PRR5L|ABCD1|VCP|TRIB3|CPT1A|GNAI3|DHRSX|PARK7
GO:0031503,protein-containing complex localization,0.00942905171995169,277,TPR|GLE1|NSUN2|RANBP2|SLU7|SSB|NUP205|IFT172|FYTTD1|IFT140|SMG1|AP2M1|NUP85|POLDIP3|ATR|DLG1|NUP153|NUP93|WDR19|CASC3|NCBP1|HPCA|NOL6|IFT122|DYNLL2|DDX39B|SARNP|PCM1|MAGOH|NUP62
GO:0031570,DNA integrity checkpoint,0.000425181799338295,160,TOP2A|TOP2B|PPP1R10|CNOT6|WDR76|SFN|NBN|CNOT1|TP53BP1|PML|ORC1|CCAR2|ATR|ERCC6|WAC|CCND1|STK33|CDK1|ARID3A|UIMC1|FBXO6|DDX39B|USP28
GO:0032200,telomere organization,2.19147976436808e-05,176,BRCA2|USP7|CCT8|SMC6|MAPK1|XRCC5|PPP1R10|NAT10|SMG1|TEP1|TERF2IP|PARN|NBN|ATRX|RPA1|SP100|SMC5|PML|CCT2|ATR|RFC1|PARP1|PARP3
GO:0032204,regulation of telomere maintenance,4.28584158742162e-05,81,USP7|CCT8|MAPK1|XRCC5|PPP1R10|NAT10|SMG1|TERF2IP|PARN|NBN|ATRX|PML|CCT2|ATR
GO:0032206,positive regulation of telomere maintenance,0.00212671710660599,51,CCT8|MAPK1|XRCC5|PPP1R10|PARN|NBN|ATRX|PML|CCT2|ATR
GO:0032392,DNA geometric change,0.000199434803057786,118,TOP2A|POLQ|XRCC5|MCM5|DHX9|NBN|ATRX|RPA1|ASCC3|CHD6|ERCC6|ERCC2|DDB1|MCM4|MCM6|PARP1|MCM2|HMGB3|NAV2
GO:0032446,protein modification by small protein conjugation,0.00015344778647816,965,RNF213|HSPA1B|TPR|MTOR|OS9|UBR3|HUWE1|USP7|NEDD4L|RANBP2|NUP205|ANKIB1|WWP2|FEM1C|BIRC6|UBR4|TTC3|BCOR|ARNT|CUL3|TMEM129|USP5|NSMCE3|TRIM8|MYCBP2|UBE2V2|NUP85|USP4|GCLC|BIRC2|NFX1|HSPA5|RNF41|UBA6|TRIM28|MAPK9|PSMB4|UBE3B|UBE2Z|PML|PSMD12|HIF1A|RNF40|KCTD9|DDB1|E4F1|MED1|NUP153|MALT1|HLA-A|HSPA1A|WAC|NUP93|PINK1|PIAS4|CDC20|DTX1|MED10|PSMD4|DCAF6|HERC4|TRIM11|FBXO6|VCP|TRIB3|RFFL|WDSUB1|UHRF2|ARRDC1|RNF123|UBE2S|PARK7|PSME3|PSMB1|PSMB10|NUP62
GO:0032508,DNA duplex unwinding,0.000220456051479991,110,TOP2A|POLQ|XRCC5|MCM5|DHX9|NBN|ATRX|RPA1|ASCC3|CHD6|ERCC6|ERCC2|DDB1|MCM4|MCM6|PARP1|MCM2
GO:0032886,regulation of microtubule-based process,8.77167821478753e-05,247,CEP295|DYNC1H1|ALMS1|ROCK2|HSPA1B|CDK5RAP2|TPR
GO:0033044,regulation of chromosome organization,4.35727015893882e-08,360,MKI67|TOP2A|CDK5RAP2|TPR|KDM5A|CENPF|USP7|KDM4B|CCT8|MAPK1|SKI|XRCC5|MYB|CENPE|JARID2|PPP1R10|SLF1|BCOR|NAT10|SMG1|CUL3|TERF2IP|PARN|NBN|ATRX|TRIM28|SMC5|PML|CCT2|ATR|RNF40|SREBF1|TTK|PINK1|PARP1|CDC20|MCM2|EID1|TACC3|SIN3A|TADA2B
GO:0033365,protein localization to organelle,3.15938523610999e-16,973,ROCK2|POLR1A|TPR|BRCA2|OSBPL8|TRIM29|GJA1|OS9|HUWE1|CCT8|MAPK1|RANBP2|RGPD3|NCOA4|VPS13C|XRCC5|JUP|SSB|RGPD4|RGPD1|PPP1R10|PRKAA1|MAU2|SRP68|SLF1|SREBF2|IFT140|RAB7A|DHX9|KPNA3|ABHD17A|RAB3GAP2|ECH1|TERF2IP|SFN|KPNB1|PEX16|TRIM8|ACOX1|ECT2|AP2M1|PIK3R4|NUP85|BICD2|ACOX3|ATRX|RPA1|TBC1D32|SP100|HSPA5|EHD1|RGPD2|TRIM28|SMC5|RPL18|PML|MICALL1|MFN2|RPLP1|CCT2|ATR|DLG1|KIF20B|EZH2|SREBF1|MED1|NUP153|RDX|TTK|NUP93|SOX9|PINK1|PYHIN1|PARP1|BBS2|WDR19|OXA1L|PARP3|BMP4|DISC1|IPO13|PDCD5|CDK20|HPCA|SPIDR|SYNE1|SIN3A|BICD1|RPS4Y1|CDK1|CASP8|ARF6|IFT122
GO:0034502,protein localization to chromosome,0.000232801001128061,87,BRCA2|CCT8|XRCC5|MAU2|SLF1|TERF2IP|ATRX|RPA1|SMC5|CCT2|ATR|EZH2|TTK|PARP3|SPIDR|CDK1
GO:0034504,protein localization to nucleus,2.28287558382118e-06,283,POLR1A|TPR|OSBPL8|TRIM29|CCT8|MAPK1|RANBP2|RGPD3|JUP|RGPD4|RGPD1|PPP1R10|KPNA3|KPNB1|TRIM8|ECT2|NUP85|SP100|RGPD2|TRIM28|PML|CCT2|MED1|NUP153|NUP93|SOX9|PYHIN1|PARP1|BMP4|IPO13|SYNE1|SIN3A|CDK1|PIKFYVE
GO:0034605,cellular response to heat,0.000911704312631093,130,HSPA1B|TPR|MTOR|MAPK1|RANBP2|SLU7|NUP205|NUP85|RPA1|MYOF|MAPKAPK2|CCAR2|ATR|NUP153|HSPA1A|HSPA6|NUP93
GO:0036092,phosphatidylinositol-3-phosphate biosynthetic process,0.0409751497399588,14,PIK3C2B|PIK3C2A|FIG4|INPP4A|PIKFYVE|PIK3CD
GO:0042176,regulation of protein catabolic process,0.0415003555723653,402,HSPA1B|GJA1|OS9|HUWE1|USP7|NEDD4L|ANKIB1|WWP2|SF3B3|RAB7A|PTK2B|USP5|MYCBP2|UBE2V2|GCLC|RNF41|MAPK9|PML|CCAR2|RNF40|DDB1|RDX|HSPA1A|WAC|SOX9|PINK1|PYHIN1|NRDC|CDC20|DISC1
GO:0043161,proteasome-mediated ubiquitin-dependent protein catabolic process,0.0188636944503475,428,HSPA1B|OS9|UBR3|HUWE1|USP7|NEDD4L|ANKIB1|WWP2|CUL3|TMEM129|USP5|UBE2V2|FAF2|GCLC|BIRC2|HSPA5|MAPK9|PSMB4|PML|PSMD12|CCAR2|DDB1|NPLOC4|HSPA1A|WAC|DNAJB12|CDC20|PSMD4|UCHL1|CDK1|FBXO6|VCP|TRIB3|RFFL|UBE2S|PARK7|PSME3|PSMB1|PSMB10
GO:0043632,modification-dependent macromolecule catabolic process,1.76516327755756e-05,666,RNF213|HSPA1B|OS9|UBR3|HUWE1|USP7|USP34|NEDD4L|ANKIB1|WWP2|FEM1C|USP11|BIRC6|UBR4|TOM1L1|TTC3|PTK2B|CUL3|TMEM129|USP5|UBE2V2|USP4|FAF2|USP1|GCLC|BIRC2|HSPA5|UBA6|MAPK9|PSMB4|UBE3B|UBE2Z|PML|PSMD12|CCAR2|RNF40|DDB1|NPLOC4|HSPA1A|WAC|DNAJB12|PINK1|PYHIN1|CDC20|DISC1|PSMD4|UCHL1|CDK1|FBXO6|VCP|TRIB3|USP48|USP47|RFFL|ARRDC1|USP28|UBE2S|PARK7|PSME3|PSMB1|PSMB10
GO:0044087,regulation of cellular component biogenesis,0.00030273860174477,989,CEP295|DYNC1H1|ALMS1|ROCK2|IQGAP1|SYNE2|SACS|HSPA1B|CDK5RAP2|TPR|MTOR|GJA1|CYFIP1|AKAP13|HRAS|CYFIP2|XRCC5|CAPZA1|UTP15|HCFC1|PRKAA1|RICTOR|HAS3|SLF1|IFT140|RAB7A|PTK2B|RAB3GAP2|G3BP2|CNOT6|SDCCAG8|ECT2|UBE2V2|CNOT1|RPA1|BIRC2|HSPA5|PREX1|PIEZO1|TRIM28|MAPK9|DCTN1|SPTAN1|STMN1|ATR|RHOA|ERCC2|DLG1|PLD1|MYO10|JMY|DDB1|RDX|HSPA1A|NPRL2|TTC8|SOX9|PINK1|PARP1
GO:0044089,positive regulation of cellular component biogenesis,0.0143624309273705,557,CEP295|DYNC1H1|ROCK2|IQGAP1|HSPA1B|CDK5RAP2|TPR|MTOR|CYFIP1|HRAS|UTP15|RICTOR|HAS3|SLF1|RAB7A|PTK2B|RAB3GAP2|G3BP2|CNOT6|UBE2V2|CNOT1|RPA1|PIEZO1|TRIM28|MAPK9|DCTN1|ATR|RHOA|ERCC2|DLG1|JMY|DDB1|HSPA1A|SOX9|PINK1|PARP1|HEATR1|SPIDR|CORO1A|ARF6|CEP135|ADNP
GO:0044257,cellular protein catabolic process,6.28223510534116e-05,807,RNF213|HSPA1B|OS9|UBR3|HUWE1|USP7|USP34|NEDD4L|ANKIB1|WWP2|FEM1C|USP11|BIRC6|UBR4|TOM1L1|TTC3|RAB7A|PTK2B|CUL3|TMEM129|USP5|AP2M1|UBE2V2|USP4|FAF2|USP1|GCLC|BIRC2|HSPA5|RNF41|UBA6|MAPK9|PSMB4|UBE3B|UBE2Z|PML|PSMD12|CCAR2|RNF40|DDB1|NPLOC4|CAPN2|RDX|HSPA1A|WAC|DNAJB12|PINK1|PYHIN1|CDC20|DISC1|PSMD4|UCHL1|CDK1|CASP8|FBXO6|VCP|TRIB3|USP48|USP47|RFFL|ARRDC1|USP28|RNF123|UBE2S|PARK7|PSME3|PSMB1|PSMB10
GO:0044403,symbiotic process,1.5806774860683e-09,986,ROCK2|IQGAP1|DOCK2|HSPA1B|SND1|TOP2A|TPR|DDX6|USP7|YTHDC2|SF3B2|NEDD4L|ADAR|MAPK1|RANBP2|XRCC5|TOP2B|SSB|NUP205|HCFC1|ZC3H7B|PPP1CA|WWP2|PI4KA|USP11|HTATSF1|UBR4|MSH6|RICTOR|CTNND1|RAB7A|DHX9|DDX5|KPNA3|HLA-B|G3BP2|ELMO1|SLC1A5|KPNB1|RBM15|TRIM8|AP2M1|SUPT16H|NUP85|NBN|KLC1|CHD6|SP100|NFX1|TRIM28|PSMB4|GAPDH|RPL18|PML|RPLP1|RHOA|ERCC2|DLG1|DDB1|CANX|E4F1|NUP153|EIF3A|HLA-A|HSPA1A|PI4KB|TAF5|DNAJB12|NUP93|SMARCA4|EEA1|ZC3HAV1|TRIM11|BICD1|RPS4Y1|SUGT1|CDK1|CASP8|ZMYND11|PIKFYVE|ABI1|DDX39B|VCP|VPS29|RPL24
GO:0044770,cell cycle phase transition,4.90820272653133e-05,651,DYNC1H1|ALMS1|CDK5RAP2|TPR|CENPF|TPX2|CDC7|CCND2|HAUS2|CENPE|MCM5|ZFP36L2|LATS2|CCNI|GMNN|CUL3|CNOT6|SDCCAG8|SFN|NBN|CNOT1|RPA1|PSMB4|SMC5|DCTN1|PML|PSMD12|ORC1|ERCC2|ADAM17|DDB1|EZH2|ECD|RDX|TTK|MCM4|MCM6|CCND1|AVEN|CDC20|TUBB|MCM2|PSMD4|TACC3|SIN3A|CDK1|KNTC1|CEP135|ARID3A|UIMC1|USP47|RPL24|KCNH5|DYRK3|UBE2S|PCM1|PSME3|PSMB1|PSMB10
GO:0044772,mitotic cell cycle phase transition,2.3586317042101e-05,606,DYNC1H1|ALMS1|CDK5RAP2|TPR|CENPF|TPX2|CDC7|CCND2|HAUS2|CENPE|MCM5|ZFP36L2|LATS2|CCNI|GMNN|CUL3|CNOT6|SDCCAG8|SFN|NBN|CNOT1|RPA1|PSMB4|SMC5|DCTN1|PML|PSMD12|ORC1|ERCC2|ADAM17|DDB1|EZH2|ECD|RDX|TTK|MCM4|MCM6|CCND1|AVEN|CDC20|TUBB|MCM2|PSMD4|TACC3|SIN3A|CDK1|KNTC1|CEP135|ARID3A|USP47|RPL24|KCNH5|UBE2S|PCM1|PSME3|PSMB1|PSMB10
GO:0045088,regulation of innate immune response,0.0480895408945492,299,RASGRP1|NFKB1|HRAS|ADAR|XRCC5|POLR3D|DHX9|HLA-B|ICAM2|JAK1|BIRC2|PSMB4|PSMD12|MATR3|MED1|MALT1|HLA-A|PYHIN1|PSMD4|HMGB3|SIN3A|POLR3C|PDPK1|PTPN2|PAK3|CHUK|PSME3|PSMB1|PSMB10|TAB2
GO:0045089,positive regulation of innate immune response,0.0371839934848679,207,RASGRP1|NFKB1|HRAS|XRCC5|POLR3D|DHX9|ICAM2|PSMB4|PSMD12|MATR3|MED1|MALT1|PYHIN1|PSMD4|HMGB3|SIN3A|POLR3C|PDPK1|PAK3|CHUK|PSME3|PSMB1|PSMB10|TAB2
GO:0045732,positive regulation of protein catabolic process,0.0150188802577107,229,HSPA1B|GJA1|HUWE1|NEDD4L|ANKIB1|WWP2|RAB7A|PTK2B|USP5|UBE2V2|GCLC|RNF41|MAPK9|RNF40|DDB1|RDX|HSPA1A|SOX9|PYHIN1|NRDC|CDC20|DISC1
GO:0045786,negative regulation of cell cycle,5.4610030059155e-09,637,TOP2A|CDK5RAP2|TPR|MTOR|CENPF|YTHDC2|MYBBP1A|HRAS|NSUN2|CDC7|TOP2B|PPP1R10|ZFP36L2|TAF6|TOM1L1|PRKAA1|LATS2|WDR6|GMNN|CNOT6|WDR76|SFN|TSPYL2|NBN|CNOT1|TP53BP1|ATRX|RPS6KA2|CGRRF1|PSMB4|PML|PSMD12|ORC1|CCAR2|ATR|ERCC6|DLG1|KIF20B|JMY|NOTCH2|EZH2|E4F1|TTK|WAC|NR2F2|TP53I13|CCND1|AVEN|CDC20|BMP4|PSMD4|STK33|CDK1|KNTC1|TOM1L2|ARID3A|NR4A1|UIMC1|FBXO6|DDX39B|USP47|RPL24|UHRF2|USP28|PSME3|PSMB1|PSMB10
GO:0045787,positive regulation of cell cycle,0.0394979267336705,391,CEP295|DYNC1H1|ROCK2|TPR|BRCA2|YTHDC2|MYBBP1A|CDC7|CCND2|HCFC1|PPP1R10|SLF1|CUL3|CNOT6|SFN|ECT2|CNOT1|ATRX|CCPG1|SMC5|PML|RHOA|KIF20B|ADAM17|EZH2|MED1|RDX
GO:0045930,negative regulation of mitotic cell cycle,0.00014900975797829,341,TOP2A|CDK5RAP2|TPR|CENPF|YTHDC2|HRAS|TOP2B|PPP1R10|ZFP36L2|TOM1L1|CNOT6|SFN|NBN|CNOT1|ATRX|PSMB4|PML|PSMD12|ORC1|DLG1|EZH2|E4F1|TTK|CCND1|AVEN|CDC20|BMP4|PSMD4|STK33|CDK1|KNTC1|TOM1L2|ARID3A|USP47|RPL24|PSME3|PSMB1|PSMB10
GO:0046599,regulation of centriole replication,0.0186172956939861,23,CEP295|ALMS1|CDK5RAP2
GO:0046605,regulation of centrosome cycle,0.00414541233342183,59,CEP295|ALMS1|ROCK2|CDK5RAP2
GO:0048285,organelle fission,0.00246500188684483,472,MKI67|HSPA1B|TOP2A|CDK5RAP2|TPR|SMC1A|BRCA2|CENPF|TPX2|ASPM|TOP2B|SMC3|CENPE|TOM1L1|MAU2|CDCA8|SLF1|PDS5A|CUL3|KPNB1|NCAPG|ATRX|RPS6KA2|PRC1|SMC5|NCAPH2|TDRD9|RHOA|KIF20B|RMDN1|HSPA1A|TTK|PINK1|CDC20|BMP4|TACC3|STAG2|KNTC1|TOM1L2
GO:0048511,rhythmic process,0.0368438769810524,311,ROCK2|TOP2A|KDM5A|MTOR|HUWE1|USP7|MYBBP1A|NAMPT|PPP1CA|PRKAA1|DHX9|ETS1|DDX5|JUND|ATF4|MYCBP2|HSPA5|MAPK9|PML|CCAR2|DDB1|EZH2|SREBF1|NFKB2
GO:0051028,mRNA transport,0.0106643348015242,154,TPR|GLE1|NSUN2|RANBP2|SLU7|NUP205|FYTTD1|SMG1|DHX9|G3BP2|NUP85|BICD2|POLDIP3|NUP153|NUP93|CASC3|NCBP1|DDX39B|SARNP|MAGOH|NUP62
GO:0051052,regulation of DNA metabolic process,0.000415858267720491,365,GJA1|USP7|PARPBP|CCT8|MAPK1|ZNF91|POLQ|XRCC5|PPP1R10|MSH6|SLF1|NAT10|SMG1|DHX9|PTK2B|TERF2IP|PARN|UBE2V2|NBN|TP53BP1|ATRX|USP1|TRIM28|PML|CCT2|ATR|ERCC6|ERCC2
GO:0051054,positive regulation of DNA metabolic process,0.000552968015757797,202,USP7|CCT8|MAPK1|XRCC5|PPP1R10|SLF1|DHX9|PTK2B|PARN|UBE2V2|NBN|TP53BP1|ATRX|TRIM28|PML|CCT2|ATR|ERCC6|ERCC2|PARP1|PARP3|KMT5B|SPIDR|UIMC1|DDX39B
GO:0051129,negative regulation of cellular component organization,0.0262311041198135,750,ROCK2|SACS|HSPA1B|TOP2A|CDK5RAP2|TPR|KDM5A|CENPF|HUWE1|TPX2|KDM4B|RABGEF1
GO:0051168,nuclear export,0.0020084111863971,203,TPR|AKAP13|GLE1|NSUN2|RANBP2|SLU7|SSB|NUP205|FYTTD1|SMG1|DHX9|SFN|NUP85|POLDIP3|SP100|NUP153|MALT1|NUP93|CASC3|NCBP1|NOL6|DDX39B|SARNP|PARK7|MAGOH|NUP62
GO:0051169,nuclear transport,7.79618287819679e-06,362,TPR|AKAP13|GLE1|NSUN2|MAPK1|RANBP2|RGPD3|SLU7|JUP|SSB|NUP205|RGPD4|RGPD1|PPP1R10|FYTTD1|SMG1|DHX9|KPNA3|SFN|KPNB1|ECT2|NUP85|POLDIP3|SP100|RGPD2|TRIM28|PML|MED1|NUP153|MALT1|NUP93|CASC3|BMP4|NCBP1|IPO13|NOL6|CDK1|DDX39B|SARNP|PARK7|MAGOH|NUP62
GO:0051170,import into nucleus,0.0035674880059716,175,TPR|MAPK1|RANBP2|RGPD3|JUP|RGPD4|RGPD1|PPP1R10|KPNA3|KPNB1|ECT2|NUP85|RGPD2|TRIM28|PML|MED1|NUP153|NUP93|BMP4|IPO13|CDK1
GO:0051225,spindle assembly,0.00556758260228827,114,DYNC1H1|HSPA1B|TPR|SMC1A|TPX2|ASPM|HAUS2|SMC3|KPNB1|PRC1|RHOA|HSPA1A|TUBGCP5|CDC20|TUBB|STAG2|KIF11
GO:0051236,establishment of RNA localization,0.0274438424419179,204,TPR|GLE1|NSUN2|RANBP2|SLU7|SSB|NUP205|FYTTD1|SMG1|DHX9|G3BP2|NUP85|BICD2|POLDIP3|ATR|NUP153|NUP93|CASC3|NCBP1|NOL6|DDX39B|SARNP|MAGOH|NUP62
GO:0051298,centrosome duplication,0.000327931893474252,67,CEP295|ALMS1|ROCK2|CDK5RAP2|BRCA2
GO:0051301,cell division,1.76525497404746e-06,623,DYNC1H1|ROCK2|TOP2A|TPR|SMC1A|BRCA2|MIS18BP1|CENPF|TPX2|ASPM|NSUN2|CDC7|CCND2|HAUS2|PPP1CA|SMC3|CENPE|BIRC6|MCM5|ZFP36L2|LATS2|MAU2|CEP55|CDCA8|PDS5A|CUL3|KIF13A|SFN|NCAPG|ECT2|PIK3R4|PRC1|GIT1|SMC5|BOD1L1|DCTN1|STMN1|RHOA|ERCC2|KIF20B|E4F1|PARD3|CCND1|CDC20|TUBB|TACC3|CCDC124|CDK20|STAG2|AKNA|CDK1|PMF1|KNTC1|ARF6
GO:0051493,regulation of cytoskeleton organization,0.000679149488071994,565,CEP295|DYNC1H1|ALMS1|ROCK2|IQGAP1|HSPA1B|CDK5RAP2|TPR|MTOR|CYFIP1|TPX2|AKAP13
GO:0051495,positive regulation of cytoskeleton organization,0.0176320025543748,234,CEP295|DYNC1H1|ROCK2|HSPA1B|CDK5RAP2|MTOR
GO:0051603,proteolysis involved in cellular protein catabolic process,3.75539203153171e-05,746,RNF213|HSPA1B|OS9|UBR3|HUWE1|USP7|USP34|NEDD4L|ANKIB1|WWP2|FEM1C|USP11|BIRC6|UBR4|TOM1L1|TTC3|PTK2B|CUL3|TMEM129|USP5|UBE2V2|USP4|FAF2|USP1|GCLC|BIRC2|HSPA5|RNF41|UBA6|MAPK9|PSMB4|UBE3B|UBE2Z|PML|PSMD12|CCAR2|RNF40|DDB1|NPLOC4|CAPN2|HSPA1A|WAC|DNAJB12|PINK1|PYHIN1|CDC20|DISC1|PSMD4|UCHL1|CDK1|CASP8|FBXO6|VCP|TRIB3|USP48|USP47|RFFL|ARRDC1|USP28|RNF123|UBE2S|PARK7|PSME3|PSMB1|PSMB10
GO:0051640,organelle localization,0.0297166376070742,658,DYNC1H1|ALMS1|SYNE2|CDK5RAP2|MTOR|RASGRP1|CENPF|GJA1|MYO5C|RABGEF1|ASPM|VPS33B|RANBP2|HAUS2|ESYT2|ARFGAP3|CENPE|TMEM201|CDCA8|EXOC6|CEP162|CUL3|SDCCAG8|ITGA4|KIF13A|KPNB1|KIF24|BICD2|DCTN1|MFN2|HIF1A|SPG11|DLG1|RMDN1|ACTN4|PARD3|PINK1|BBS2|TUBB|UCHL1|RAB3B|BICD1|CDK1|CEP135|PIK3CD|AP3S1|PDPK1|UNC13D|TBC1D23|LMAN1|PCM1|NUP62
GO:0051783,regulation of nuclear division,0.0416862481887645,190,MKI67|HSPA1B|CDK5RAP2|TPR|CENPF|CENPE|TOM1L1|SLF1|CUL3|ATRX|RPS6KA2|SMC5|KIF20B|HSPA1A|TTK|CDC20|BMP4|TACC3|KNTC1|TOM1L2|KIF11
GO:0051983,regulation of chromosome segregation,0.00752322908542708,105,MKI67|DYNC1H1|CDK5RAP2|TPR|CENPF|SMC6|CENPE|SLF1|CUL3|ECT2|ATRX|SMC5|TTK|CDC20|TACC3
GO:0055086,nucleobase-containing small molecule metabolic process,0.0169543849889171,628,FASN|TPR|MTOR|GART|ACSL3|MAPK1|RANBP2|NAMPT|CPS1|ADCY3|NUP205|PRKAA1|PGK2|PFKM|ARNT|PDPR|ASMTL|DLAT|NUP85|RRM1|OXSM|UAP1L1|GAPDH|HIF1A|RHOA|DLG1|GMPS|PGAM1|NUP153|PDE7A|NUP93|PINK1|PARP1|HPCA|UGP2|SCD5|ENO3|ADAL|MPP1|PANK1|ABCD1|PAICS|VCP|PDE8B|DCTPP1|NT5C3B|ATIC|GNAI3|SHMT1|PARK7|NUP62
GO:0060236,regulation of mitotic spindle organization,0.028601239876702,34,DYNC1H1|HSPA1B|TPR|TPX2
GO:0060249,anatomical structure homeostasis,0.00674977215462086,476,POTEE|BRCA2|GJA1|USP7|CCT8|SMC6|POTEF|MAPK1|XRCC5|PPP1R10|PRKAA1|PFKM|NAT10|SMG1|PTK2B|TEP1|SLC12A2|TERF2IP|PARN|NBN|ATRX|RPA1|SP100|SMC5|DCTN1|PML|HIF1A|CCT2|ATR|ERCC6|RFC1|SOX9|PARP1|BBS2|PARP3
GO:0061919,process utilizing autophagic mechanism,0.000374121335384704,537,SOGA1|MTOR|PIK3C2B|EPG5|HUWE1|VPS13C|NAMPT|WDR41|TECPR1|SUPT20H|PRKAA1|SPTLC1|WDR6|SREBF2|RAB7A|SMG1|RAB3GAP2|PGAM5|TRIM8|PIK3R4|RUBCN|NBR1|EXOC8|SPTLC2|RNF41|ATP6V0A2|PIK3C2A|GAPDH|MFN2|RAB24|HIF1A|SREBF1|NPRL2|WAC|PINK1|UCHL1|TRIM11|DYNLL2|PIKFYVE|ATP6V1D|TBC1D17|VCP|TRIB3|ATP6V0D1|TBC1D25|GNAI3|CSNK2B|DHRSX|PARK7|TAB2
GO:0062012,regulation of small molecule metabolic process,0.00661934986639689,458,FASN|SOGA1|TPR|MTOR|NFKB1|USP7|RANBP2|NUP205|PPP1CA|PRKAA1|SREBF2|PTK2B|ARNT|PDPR|KPNB1|NUP85|SLC27A4|PSMB4|PSMD12|HIF1A|DDB1|PGAM1|SREBF1|NUP153|NUP93|SOX9|PINK1|PARP1|PSMD4|HPCA|ABCD1|FABP5|VCP|TRIB3|CPT1A|PTPN2|SOD1|PARK7|PSME3|PSMB1|PSMB10|NUP62
GO:0070198,"protein localization to chromosome, telomeric region",0.0435995244928067,30,BRCA2|CCT8|XRCC5|TERF2IP|ATRX|CCT2|ATR
GO:0070507,regulation of microtubule cytoskeleton organization,1.52527496355353e-05,192,CEP295|DYNC1H1|ALMS1|ROCK2|HSPA1B|CDK5RAP2|TPR
GO:0070646,protein modification by small protein removal,0.0288367245396907,308,TRRAP|USP7|USP34|HCFC1|USP11|USP5|USP4|USP1|BIRC2|PSMB4|PSMD12|HIF1A|RHOA|CDC20|PSMD4|UCHL1|TADA2B|CDK1|UIMC1|OTUD1|VCP|USP48|USP47|USP28|COPS2|RNF123|SHMT1|PARK7|PSME3|PSMB1|PSMB10
GO:0070925,organelle assembly,7.8723954807198e-06,876,CEP295|DYNC1H1|ALMS1|SYNE2|HSPA1B|CDK5RAP2|TPR|SMC1A|MDN1|CENPF|DDX6|KIF27|TPX2|AKAP13|ASPM|XRCC5|HAUS2|IFT172|SMC3|CENPE|PRKAA1|DNAAF5|IFT140|RAB7A|CEP162|RAB3GAP2|G3BP2|CNOT6|DHX29|SDCCAG8|KPNB1|KIF24|CNOT1|TBC1D32|PRC1|ARMC4|EHD1|MAPK9|DCTN1|MFN2|DHX30|RILPL1|RHOA|SPG11|RDX|HSPA1A|NPRL2|TUBGCP5|TTC8|PINK1|LRRC49|BBS2|WDR19|CDC20|TUBB|DISC1|STAG2|CORO1A|CDS2|BICD1|CDK1|IFT122|TCHP|CEP135|DYNLL2|PIKFYVE|ATP6V1D|KIF11|ATP6V0D1|RPL24
GO:0071103,DNA conformation change,0.0197891755549985,355,TOP2A|TPR|MIS18BP1|POLQ|XRCC5|TOP2B|MCM5|DHX9|NCAPG|TSPYL2|NBN|ATRX|RPA1|CABIN1|ASCC3|CHD6|EZH1|TRIM28|SMC5|NCAPH2|ERCC6|ERCC2|DDB1|SOX9|MCM4|MCM6|PARP1|MCM2|HMGB3|CDK1|NAV2
GO:0071166,ribonucleoprotein complex localization,0.00347821134995939,132,TPR|GLE1|NSUN2|RANBP2|SLU7|SSB|NUP205|FYTTD1|SMG1|NUP85|POLDIP3|NUP153|NUP93|CASC3|NCBP1|NOL6|DDX39B|SARNP|MAGOH|NUP62
GO:0071426,ribonucleoprotein complex export from nucleus,0.00306624922135805,131,TPR|GLE1|NSUN2|RANBP2|SLU7|SSB|NUP205|FYTTD1|SMG1|NUP85|POLDIP3|NUP153|NUP93|CASC3|NCBP1|NOL6|DDX39B|SARNP|MAGOH|NUP62
GO:0071427,mRNA-containing ribonucleoprotein complex export from nucleus,0.00629892476854361,113,TPR|GLE1|NSUN2|RANBP2|SLU7|NUP205|FYTTD1|SMG1|NUP85|POLDIP3|NUP153|NUP93|CASC3|NCBP1|DDX39B|SARNP|MAGOH|NUP62
GO:0071826,ribonucleoprotein complex subunit organization,0.00288334409341725,202,MDN1|PRPF8|ADAR|EIF3CL|EIF3C|XRCC5|SLU7|SF3A3|XAB2|DHX9|DHX29|USP4|PRPF6|KLC1|EIF2S3|DHX30|ATR|EIF3A|SF3B1|NCBP1|DDX39B|VCP|RPL24|EIF3J|DYRK3
GO:0072331,signal transduction by p53 class mediator,0.00283312289701085,268,BRCA2|TPX2|MYBBP1A|TAF6|PRKAA1|DDX5|E2F2|CNOT6|PHF20|SFN|SUPT16H|NBN|CNOT1|ATRX|RPA1|SP100|MTA2|PML|ATR|JMY|TAF5|PYHIN1|RRN3|CDK1|ARID3A|RFFL|USP28|AEN|DYRK3|CSNK2B
GO:0072594,establishment of protein localization to organelle,2.69608517166091e-07,573,TPR|BRCA2|HUWE1|CCT8|MAPK1|RANBP2|RGPD3|NCOA4|VPS13C|JUP|RGPD4|RGPD1|PPP1R10|PRKAA1|SRP68|SREBF2|RAB7A|KPNA3|RAB3GAP2|ECH1|SFN|KPNB1|PEX16|ACOX1|ECT2|AP2M1|PIK3R4|NUP85|ACOX3|HSPA5|RGPD2|TRIM28|RPL18|PML|MFN2|RPLP1|CCT2|ATR|SREBF1|MED1|NUP153|NUP93|PINK1|OXA1L|BMP4|IPO13|PDCD5|HPCA|SPIDR|RPS4Y1|CDK1|CASP8|IFT122
GO:0080135,regulation of cellular response to stress,0.00646258640604374,783,ROCK2|HSPA1B|TPR|MTOR|RASGRP1|OS9|PARPBP|HRAS|MAPK1|RANBP2|VPS13C|POLQ|NAMPT|NUP205|PPP1R10|SLF1|SMG1|DHX9|PTK2B|DDX5|TERF2IP|WDR76|ATF4|UBE2V2|NUP85|ERP29|NBR1|TP53BP1|RPA1|USP1|HSPA5|TRIM28|MAPKAPK2|PML|MAP3K2|HIF1A|CCAR2|ATR|ERCC6|DLG1|NUP153|HSPA1A|NUP93|PINK1|PYHIN1|PARP1|PIAS4|PARP3|KMT5B|SPIDR|RSL1D1|ZMYND11|ABCD1|UIMC1|DDX39B|USP47|DYRK3|PTPN2|SOD1|PARK7|NUP62
GO:0090169,regulation of spindle assembly,0.0290958745644253,24,DYNC1H1|HSPA1B|TPR
GO:0090224,regulation of spindle organization,0.0450472057485375,38,DYNC1H1|HSPA1B|TPR|TPX2
GO:0090307,mitotic spindle assembly,0.0266988098984035,65,HSPA1B|TPR|SMC1A|TPX2|SMC3|KPNB1|PRC1|RHOA|HSPA1A|CDC20|STAG2|KIF11
GO:0098813,nuclear chromosome segregation,0.00343769799262316,268,DYNC1H1|TOP2A|CDK5RAP2|TPR|SMC1A|CENPF|TOP2B|SMC3|CENPE|MAU2|CDCA8|SLF1|PDS5A|CUL3|KPNB1|NCAPG|ECT2|ATRX|PRC1|SMC5|NCAPH2
GO:0140014,mitotic nuclear division,6.6184294067918e-06,278,MKI67|HSPA1B|CDK5RAP2|TPR|SMC1A|CENPF|TPX2|SMC3|CENPE|TOM1L1|MAU2|CDCA8|SLF1|PDS5A|CUL3|KPNB1|NCAPG|ATRX|PRC1|SMC5|NCAPH2|RHOA|KIF20B|RMDN1|HSPA1A|TTK|CDC20|BMP4|TACC3|STAG2|KNTC1|TOM1L2|KIF11|RPL24|UBE2S|NUP62
GO:1900034,regulation of cellular response to heat,0.000257497913150512,79,HSPA1B|TPR|MTOR|MAPK1|RANBP2|NUP205|NUP85|RPA1|MAPKAPK2|CCAR2|ATR|NUP153|HSPA1A|NUP93
GO:1901987,regulation of cell cycle phase transition,0.000239057458631982,484,DYNC1H1|ALMS1|CDK5RAP2|TPR|CENPF|TPX2|CDC7|CCND2|HAUS2|CENPE|ZFP36L2|CUL3|CNOT6|SDCCAG8|SFN|NBN|CNOT1|PSMB4|DCTN1|PML|PSMD12|ORC1|ERCC2|ADAM17|DDB1|EZH2|ECD|RDX|TTK|CCND1|AVEN|CDC20|TUBB|PSMD4|SIN3A|CDK1|KNTC1|CEP135|ARID3A|UIMC1|USP47|KCNH5|DYRK3|PCM1|PSME3|PSMB1|PSMB10
GO:1901990,regulation of mitotic cell cycle phase transition,0.000142116344433853,445,DYNC1H1|ALMS1|CDK5RAP2|TPR|CENPF|TPX2|CDC7|CCND2|HAUS2|CENPE|ZFP36L2|CUL3|CNOT6|SDCCAG8|SFN|NBN|CNOT1|PSMB4|DCTN1|PML|PSMD12|ORC1|ERCC2|ADAM17|DDB1|EZH2|ECD|RDX|TTK|CCND1|AVEN|CDC20|TUBB|PSMD4|SIN3A|CDK1|KNTC1|CEP135|ARID3A|USP47|KCNH5|PCM1|PSME3|PSMB1|PSMB10
GO:1902115,regulation of organelle assembly,1.41799578670375e-05,190,CEP295|DYNC1H1|ALMS1|SYNE2|HSPA1B|CDK5RAP2|TPR
GO:1902749,regulation of cell cycle G2/M phase transition,0.000688177191998504,219,DYNC1H1|ALMS1|CDK5RAP2|CENPF|TPX2|CDC7|HAUS2|SDCCAG8|NBN|PSMB4|DCTN1|PSMD12|ORC1|CCND1|AVEN|TUBB|PSMD4|SIN3A|CDK1|CEP135|UIMC1|USP47|KCNH5|DYRK3|PCM1|PSME3|PSMB1|PSMB10
GO:1902850,microtubule cytoskeleton organization involved in mitosis,1.82301766866043e-05,144,DYNC1H1|HSPA1B|CDK5RAP2|TPR|SMC1A|GJA1|TPX2|SMC3|CENPE|KPNB1|PRC1|DCTN1|STMN1|RHOA|RMDN1|HSPA1A|TTK|CDC20|PARP3|TACC3|STAG2|KIF11|VCP
GO:1903047,mitotic cell cycle process,6.06934881713557e-14,908,MKI67|DYNC1H1|ALMS1|ROCK2|HSPA1B|TOP2A|CDK5RAP2|TPR|SMC1A|BRCA2|CENPF|GJA1|TPX2|HRAS|CDC7|CCND2|TOP2B|HAUS2|SMC3|CENPE|PPP1R10|MCM5|ZFP36L2|TOM1L1|LATS2|MAU2|CEP55|CCNI|CDCA8|SLF1|GMNN|PDS5A|CUL3|CNOT6|SDCCAG8|SFN|KPNB1|NCAPG|ECT2|NBN|CNOT1|ATRX|RPA1|PRC1|LPIN1|PSMB4|SMC5|DCTN1|NCAPH2|PML|PSMD12|STMN1|ORC1|RHOA|ERCC2|DLG1|KIF20B|ADAM17|DDB1|EZH2|RMDN1|ECD|RDX|HSPA1A|TTK|MCM4|MCM6|CCND1|AVEN|CDC20|TUBB|MCM2|PARP3|BMP4|PSMD4|STK33|TACC3|STAG2|SIN3A|CDK1|KNTC1|TOM1L2|CEP135|ARID3A|KIF11|VCP|USP47|RPL24|KCNH5|UBE2S|PCM1|PSME3|PSMB1|PSMB10|NUP62
GO:1903578,regulation of ATP metabolic process,0.004415225141233,122,TPR|RANBP2|NUP205|PRKAA1|PGK2|ARNT|NUP85|HIF1A|RHOA|PGAM1|NUP153|NUP93|PINK1|PARP1|CDK1|ABCD1|VCP|PARK7|NUP62
GO:1903827,regulation of cellular protein localization,0.0172217561368718,557,ROCK2|IQGAP1|POLR1A|TPR|TRIM29|OS9|HUWE1|CCT8|ACSL3|HRAS|NEDD4L|NSUN2|MAPK1|JUP|PRKAA1|SREBF2|ABHD17A|SFN|TRIM8|ECT2|AP2M1|SP100|TRIM28|CCT2|DLG1|KIF20B|SREBF1|RDX|PINK1|PYHIN1|PARP1|BMP4|PRR5L|PDCD5|HPCA|SPIDR|SIN3A|BICD1|CDK1|CASP8|ARF6|PDPK1|LMAN1|PCM1|PARK7|NUP62|TCAF1
GO:1903829,positive regulation of cellular protein localization,0.0041119523954945,339,ROCK2|IQGAP1|TPR|HUWE1|CCT8|ACSL3|HRAS|MAPK1|JUP|PRKAA1|SREBF2|ABHD17A|SFN|TRIM8|ECT2|TRIM28|CCT2|DLG1|KIF20B|RDX|PINK1|PYHIN1|PARP1|PRR5L|PDCD5|HPCA|BICD1|CDK1|CASP8|ARF6|PDPK1|PCM1|PARK7|NUP62|TCAF1
GO:2001020,regulation of response to DNA damage stimulus,0.00239448591227349,228,PARPBP|POLQ|PPP1R10|SLF1|SMG1|DHX9|DDX5|TERF2IP|WDR76|UBE2V2|TP53BP1|USP1|TRIM28|PML|CCAR2|ATR|ERCC6|PYHIN1|PARP1|PIAS4|PARP3|KMT5B|SPIDR|UIMC1|DDX39B|USP47|DYRK3
GO:2001251,negative regulation of chromosome organization,0.00323885927331255,148,TOP2A|CDK5RAP2|TPR|KDM5A|CENPF|KDM4B|SKI|XRCC5|JARID2|BCOR|NAT10|TERF2IP|NBN|ATRX|TTK|PARP1|CDC20|MCM2|SIN3A
GO:2001252,positive regulation of chromosome organization,0.00171715545268112,183,TPR|CCT8|MAPK1|XRCC5|MYB|JARID2|PPP1R10|SLF1|CUL3|PARN|NBN|ATRX|TRIM28|SMC5|PML|CCT2|ATR|RNF40|SREBF1|PINK1|SIN3A|TADA2B
REAC:R-HSA-159236,Transport of Mature mRNA derived from an Intron-Containing Transcript,0.000177227012991806,71,TPR|GLE1|RANBP2|SLU7|NUP205|FYTTD1|NUP85|POLDIP3|NUP153|NUP93|CASC3|NCBP1|DDX39B|SARNP|MAGOH|NUP62
REAC:R-HSA-1640170,Cell Cycle,3.67214063551903e-09,661,DYNC1H1|ALMS1|SYNE2|TOP2A|CDK5RAP2|TPR|SMC1A|BRCA2|MIS18BP1|CENPF|TPX2|MAPK1|RANBP2|CDC7|CCND2|HAUS2|NUP205|SMC3|CENPE|MCM5|MAU2|CDCA8|GMNN|PDS5A|E2F2|TERF2IP|PHF20|SDCCAG8|SFN|KPNB1|NCAPG|UBE2V2|NUP85|NBN|TP53BP1|RPA1|LPIN1|PSMB4|NCAPH2|PSMD12|ORC1|ATR|NUP153|CDK11B|RFC1|TUBGCP5|NUP93|MCM4|MCM6|PIAS4|CCND1|CDC20|TUBB|MCM2|PSMD4|STAG2|SYNE1|CDK1|PMF1|KNTC1|CEP135|DYNLL2|UIMC1|CSNK2B|PCM1|PSME3|PSMB1|PSMB10|NUP62
REAC:R-HSA-194138,Signaling by VEGF,0.000188107758402532,104,ROCK2|MTOR|CYFIP1|ITPR2|HRAS|DOCK1|CYFIP2|JUP|RICTOR|CTNND1|PTK2B|ELMO1|MAPKAPK2|RHOA|ITPR3|ABI1|PDPK1|TRIB3|PAK3
REAC:R-HSA-2262752,Cellular responses to stress,0.00162741634228149,581,DYNC1H1|HSPA1B|TPR|MTOR|NFKB1|GCN1|MAPK1|RANBP2|NUP205|CAPZA1|ETS1|ARNT|E2F2|TERF2IP|ATF4|NUP85|NBN|RPA1|CABIN1|RPS6KA2|HSPA5|EIF2S3|MAPK9|PSMB4|MAPKAPK2|DCTN1|RPL18|PSMD12|HIF1A|RPLP1|CCAR2|ATR|EZH2|NUP153|HSPA1A|NPRL2|HSPA6|NUP93|PSMD4|RPS4Y1|DYNLL2|ATP6V1D|VCP|TRIB3|ATP6V0D1|RPL24|SOD1|PSME3|PSMB1|PSMB10|NUP62
REAC:R-HSA-2470946,Cohesin Loading onto Chromatin,0.0448063777160907,10,SMC1A|SMC3|MAU2|PDS5A
REAC:R-HSA-2990846,SUMOylation,4.40939750650015e-06,175,TOP2A|TPR|SMC1A|SMC6|RANBP2|TOP2B|NUP205|SMC3|CDCA8|DDX5|NSMCE3|NUP85|TP53BP1|RPA1|SP100|TRIM28|SMC5|PML|NUP153|NFKB2|NUP93|PARP1|PIAS4|STAG2|SIN3A|UHRF2|PARK7|NUP62
REAC:R-HSA-3108214,SUMOylation of DNA damage response and repair proteins,7.36454083256951e-07,72,TPR|SMC1A|SMC6|RANBP2|NUP205|SMC3|NSMCE3|NUP85|RPA1|SP100|SMC5|PML|NUP153|NUP93|PARP1|PIAS4|STAG2
REAC:R-HSA-3108232,SUMO E3 ligases SUMOylate target proteins,1.91539059420723e-06,169,TOP2A|TPR|SMC1A|SMC6|RANBP2|TOP2B|NUP205|SMC3|CDCA8|DDX5|NSMCE3|NUP85|TP53BP1|RPA1|SP100|TRIM28|SMC5|PML|NUP153|NFKB2|NUP93|PARP1|PIAS4|STAG2|SIN3A|UHRF2|PARK7|NUP62
REAC:R-HSA-3232142,SUMOylation of ubiquitinylation proteins,0.048367527818615,35,TPR|RANBP2|NUP205|NUP85|PML|NUP153|NUP93|PIAS4
REAC:R-HSA-3371453,Regulation of HSF1-mediated heat shock response,2.59929546333975e-06,67,HSPA1B|TPR|MAPK1|RANBP2|NUP205|NUP85|RPA1|HSPA5|MAPKAPK2|CCAR2|ATR|NUP153|HSPA1A|HSPA6|NUP93
REAC:R-HSA-3371556,Cellular response to heat stress,1.45103616636298e-05,87,HSPA1B|TPR|MTOR|MAPK1|RANBP2|NUP205|NUP85|RPA1|HSPA5|MAPKAPK2|CCAR2|ATR|NUP153|HSPA1A|HSPA6|NUP93
REAC:R-HSA-4420097,VEGFA-VEGFR2 Pathway,3.2518692856644e-05,94,ROCK2|MTOR|CYFIP1|ITPR2|HRAS|DOCK1|CYFIP2|JUP|RICTOR|CTNND1|PTK2B|ELMO1|MAPKAPK2|RHOA|ITPR3|ABI1|PDPK1|TRIB3|PAK3
REAC:R-HSA-4615885,SUMOylation of DNA replication proteins,0.00257740007383711,43,TOP2A|TPR|RANBP2|TOP2B|NUP205|CDCA8|NUP85|NUP153|NUP93|PIAS4
REAC:R-HSA-68867,Assembly of the pre-replicative complex,0.0281846991741977,68,MCM5|GMNN|E2F2|PSMB4|PSMD12|ORC1|MCM4|MCM6|MCM2|PSMD4|PSME3|PSMB1|PSMB10
REAC:R-HSA-68877,Mitotic Prometaphase,0.00356905191619948,199,DYNC1H1|ALMS1|CDK5RAP2|SMC1A|CENPF|RANBP2|HAUS2|SMC3|CENPE|CDCA8|PDS5A|SDCCAG8|NCAPG|NUP85|TUBGCP5|CDC20|TUBB|STAG2|CDK1|PMF1|KNTC1|CEP135|DYNLL2|CSNK2B|PCM1
REAC:R-HSA-68886,M Phase,0.000683899625271309,406,DYNC1H1|ALMS1|CDK5RAP2|TPR|SMC1A|CENPF|MAPK1|RANBP2|HAUS2|NUP205|SMC3|CENPE|MAU2|CDCA8|PDS5A|SDCCAG8|KPNB1|NCAPG|NUP85|LPIN1|PSMB4|NCAPH2|PSMD12|NUP153|TUBGCP5|NUP93|CDC20|TUBB|PSMD4|STAG2|CDK1|PMF1|KNTC1|CEP135|DYNLL2|CSNK2B|PCM1|PSME3|PSMB1|PSMB10|NUP62
REAC:R-HSA-68962,Activation of the pre-replicative complex,0.0399166263257197,33,CDC7|MCM5|GMNN|RPA1|ORC1|MCM4|MCM6|MCM2
REAC:R-HSA-69002,DNA Replication Pre-Initiation,0.014152774861192,85,CDC7|MCM5|GMNN|E2F2|RPA1|PSMB4|PSMD12|ORC1|MCM4|MCM6|MCM2|PSMD4|PSME3|PSMB1|PSMB10
REAC:R-HSA-69278,"Cell Cycle, Mitotic",1.58705697097973e-06,548,DYNC1H1|ALMS1|TOP2A|CDK5RAP2|TPR|SMC1A|CENPF|TPX2|MAPK1|RANBP2|CDC7|CCND2|HAUS2|NUP205|SMC3|CENPE|MCM5|MAU2|CDCA8|GMNN|PDS5A|E2F2|SDCCAG8|KPNB1|NCAPG|NUP85|RPA1|LPIN1|PSMB4|NCAPH2|PSMD12|ORC1|NUP153|CDK11B|RFC1|TUBGCP5|NUP93|MCM4|MCM6|CCND1|CDC20|TUBB|MCM2|PSMD4|STAG2|CDK1|PMF1|KNTC1|CEP135|DYNLL2|CSNK2B|PCM1|PSME3|PSMB1|PSMB10|NUP62
REAC:R-HSA-69481,G2/M Checkpoints,0.0431285847542595,168,CDC7|MCM5|SFN|UBE2V2|NBN|TP53BP1|RPA1|PSMB4|PSMD12|ORC1|ATR|MCM4|MCM6|PIAS4|MCM2|PSMD4|CDK1|UIMC1|PSME3|PSMB1|PSMB10
REAC:R-HSA-69620,Cell Cycle Checkpoints,0.00240713546338477,289,DYNC1H1|CENPF|RANBP2|CDC7|CENPE|MCM5|CDCA8|PHF20|SFN|UBE2V2|NUP85|NBN|TP53BP1|RPA1|PSMB4|PSMD12|ORC1|ATR|MCM4|MCM6|PIAS4|CDC20|MCM2|PSMD4|CDK1|PMF1|KNTC1|DYNLL2|UIMC1|PSME3|PSMB1|PSMB10
REAC:R-HSA-72202,Transport of Mature Transcript to Cytoplasm,0.00106167669847775,80,TPR|GLE1|RANBP2|SLU7|NUP205|FYTTD1|NUP85|POLDIP3|NUP153|NUP93|CASC3|NCBP1|DDX39B|SARNP|MAGOH|NUP62
REAC:R-HSA-72203,Processing of Capped Intron-Containing Pre-mRNA,0.0364593471167528,236,TPR|PRPF8|GLE1|SF3B2|RANBP2|SLU7|NUP205|SF3A3|XAB2|FYTTD1|SF3B3|DHX9|DDX5|NUP85|PRPF6|POLDIP3|NUP153|NUP93|CASC3|SF3B1|NCBP1|ELAVL2|DDX39B|SARNP|MAGOH|NUP62
REAC:R-HSA-8953854,Metabolism of RNA,5.29548024423321e-06,661,TPR|DDX6|PRPF8|GLE1|NOP56|SF3B2|TTC37|UTP4|ADAR|NSUN2|RANBP2|SLU7|NUP205|UTP15|SF3A3|XAB2|FYTTD1|SF3B3|NAT10|SMG1|DHX9|WDR3|DDX5|CNOT6|PARN|NUP85|EDC4|PRPF6|CNOT1|POLDIP3|PSMB4|MAPKAPK2|RPL18|PSMD12|RPLP1|PNO1|ERCC2|DDX47|NUP153|TSEN54|HSPA1A|NUP93|CASC3|SF3B1|HEATR1|PSMD4|NCBP1|ELAVL2|NOL6|RPS4Y1|CDKAL1|RCL1|DDX39B|UTP14A|SARNP|RPL24|NT5C3B|PSME3|MAGOH|PSMB1|PSMB10|NUP62
REAC:R-HSA-8953897,Cellular responses to external stimuli,0.00338889455354477,595,DYNC1H1|HSPA1B|TPR|MTOR|NFKB1|GCN1|MAPK1|RANBP2|NUP205|CAPZA1|ETS1|ARNT|E2F2|TERF2IP|ATF4|NUP85|NBN|RPA1|CABIN1|RPS6KA2|HSPA5|EIF2S3|MAPK9|PSMB4|MAPKAPK2|DCTN1|RPL18|PSMD12|HIF1A|RPLP1|CCAR2|ATR|EZH2|NUP153|HSPA1A|NPRL2|HSPA6|NUP93|PSMD4|RPS4Y1|DYNLL2|ATP6V1D|VCP|TRIB3|ATP6V0D1|RPL24|SOD1|PSME3|PSMB1|PSMB10|NUP62
